[19апр.2026 19:22:35.987] [main/INFO] [cpw.mods.modlauncher.Launcher/MODLAUNCHER]: ModLauncher running: args [--launchTarget, forgeclientdev, --version, 21.1.227, --assetIndex, asset-index, --assetsDir, C:\\Users\\RootTool\\.gradle\\caches\\minecraft\\assets, --gameDir, ., --fml.fmlVersion, 4.0.42, --fml.mcVersion, 1.21.1, --fml.neoForgeVersion, 21.1.227, --fml.neoFormVersion, 20240808.144430]
[19апр.2026 19:22:35.993] [main/INFO] [cpw.mods.modlauncher.Launcher/MODLAUNCHER]: JVM identified as Oracle Corporation Java HotSpot(TM) 64-Bit Server VM 21.0.1+12-LTS-29
[19апр.2026 19:22:35.994] [main/INFO] [cpw.mods.modlauncher.Launcher/MODLAUNCHER]: ModLauncher 11.0.5+main.901c6ea8 starting: java version 21.0.1 by Oracle Corporation; OS Windows 11 arch amd64 version 10.0
[19апр.2026 19:22:36.024] [main/DEBUG] [cpw.mods.modlauncher.LaunchServiceHandler/MODLAUNCHER]: Found launch services [minecraft,forgeclient,forgedatauserdev,testharness,forgeserverdev,forgeserveruserdev,forgejunitdev,forgeclientdev,forgeclientuserdev,forgeserver,forgejunituserdev,forgedatadev]
[19апр.2026 19:22:36.052] [main/DEBUG] [cpw.mods.modlauncher.LaunchPluginHandler/MODLAUNCHER]: Found launch plugins: [mixin,slf4jfixer,runtime_enum_extender,accesstransformer,runtimedistcleaner]
[19апр.2026 19:22:36.062] [main/DEBUG] [cpw.mods.modlauncher.TransformationServicesHandler/MODLAUNCHER]: Discovering transformation services
[19апр.2026 19:22:36.067] [main/DEBUG] [net.neoforged.fml.loading.FMLPaths/CORE]: Path GAMEDIR is C:\Users\RootTool\Documents\GitHub\Clones\Sophisticated-Backpacks-Etched-Integration\runs\client
[19апр.2026 19:22:36.068] [main/DEBUG] [net.neoforged.fml.loading.FMLPaths/CORE]: Path MODSDIR is C:\Users\RootTool\Documents\GitHub\Clones\Sophisticated-Backpacks-Etched-Integration\runs\client\mods
[19апр.2026 19:22:36.068] [main/DEBUG] [net.neoforged.fml.loading.FMLPaths/CORE]: Path CONFIGDIR is C:\Users\RootTool\Documents\GitHub\Clones\Sophisticated-Backpacks-Etched-Integration\runs\client\config
[19апр.2026 19:22:36.068] [main/DEBUG] [net.neoforged.fml.loading.FMLPaths/CORE]: Path FMLCONFIG is C:\Users\RootTool\Documents\GitHub\Clones\Sophisticated-Backpacks-Etched-Integration\runs\client\config\fml.toml
[19апр.2026 19:22:36.108] [main/TRACE] [net.neoforged.fml.loading.FMLConfig/CORE]: Loaded FML config from C:\Users\RootTool\Documents\GitHub\Clones\Sophisticated-Backpacks-Etched-Integration\runs\client\config\fml.toml
[19апр.2026 19:22:36.108] [main/TRACE] [net.neoforged.fml.loading.FMLConfig/CORE]: FMLConfig disableConfigWatcher is false
[19апр.2026 19:22:36.108] [main/TRACE] [net.neoforged.fml.loading.FMLConfig/CORE]: FMLConfig earlyWindowControl is true
[19апр.2026 19:22:36.108] [main/TRACE] [net.neoforged.fml.loading.FMLConfig/CORE]: FMLConfig maxThreads is 12
[19апр.2026 19:22:36.108] [main/TRACE] [net.neoforged.fml.loading.FMLConfig/CORE]: FMLConfig versionCheck is true
[19апр.2026 19:22:36.108] [main/TRACE] [net.neoforged.fml.loading.FMLConfig/CORE]: FMLConfig defaultConfigPath is defaultconfigs
[19апр.2026 19:22:36.108] [main/TRACE] [net.neoforged.fml.loading.FMLConfig/CORE]: FMLConfig disableOptimizedDFU is true
[19апр.2026 19:22:36.108] [main/TRACE] [net.neoforged.fml.loading.FMLConfig/CORE]: FMLConfig earlyWindowProvider is fmlearlywindow
[19апр.2026 19:22:36.108] [main/TRACE] [net.neoforged.fml.loading.FMLConfig/CORE]: FMLConfig earlyWindowWidth is 854
[19апр.2026 19:22:36.108] [main/TRACE] [net.neoforged.fml.loading.FMLConfig/CORE]: FMLConfig earlyWindowHeight is 480
[19апр.2026 19:22:36.108] [main/TRACE] [net.neoforged.fml.loading.FMLConfig/CORE]: FMLConfig earlyWindowFBScale is 1
[19апр.2026 19:22:36.109] [main/TRACE] [net.neoforged.fml.loading.FMLConfig/CORE]: FMLConfig earlyWindowMaximized is false
[19апр.2026 19:22:36.109] [main/TRACE] [net.neoforged.fml.loading.FMLConfig/CORE]: FMLConfig earlyWindowSkipGLVersions is []
[19апр.2026 19:22:36.109] [main/TRACE] [net.neoforged.fml.loading.FMLConfig/CORE]: FMLConfig earlyWindowSquir is false
[19апр.2026 19:22:36.120] [main/DEBUG] [net.neoforged.fml.loading.targets.CommonLaunchHandler/CORE]: Got mod coordinates Sophisticated-Backpacks-Etched-Integration%%C:\Users\RootTool\Documents\GitHub\Clones\Sophisticated-Backpacks-Etched-Integration\build\resources\main;Sophisticated-Backpacks-Etched-Integration%%C:\Users\RootTool\Documents\GitHub\Clones\Sophisticated-Backpacks-Etched-Integration\build\classes\java\main from env
[19апр.2026 19:22:36.124] [main/DEBUG] [net.neoforged.fml.loading.targets.CommonLaunchHandler/CORE]: Found supplied mod coordinates [{Sophisticated-Backpacks-Etched-Integration=[C:\Users\RootTool\Documents\GitHub\Clones\Sophisticated-Backpacks-Etched-Integration\build\resources\main, C:\Users\RootTool\Documents\GitHub\Clones\Sophisticated-Backpacks-Etched-Integration\build\classes\java\main]}]
[19апр.2026 19:22:36.127] [main/DEBUG] [cpw.mods.modlauncher.TransformationServicesHandler/MODLAUNCHER]: Found additional transformation services from discovery services: 
[19апр.2026 19:22:36.136] [main/INFO] [net.neoforged.fml.loading.ImmediateWindowHandler/]: Loading ImmediateWindowProvider fmlearlywindow
[19апр.2026 19:22:36.261] [main/INFO] [EARLYDISPLAY/]: Trying GL version 4.6
[19апр.2026 19:22:36.399] [main/INFO] [EARLYDISPLAY/]: Requested GL version 4.6 got version 4.6
[19апр.2026 19:22:36.456] [main/DEBUG] [cpw.mods.modlauncher.TransformationServicesHandler/MODLAUNCHER]: Found transformer services : [mixin,fml]
[19апр.2026 19:22:36.456] [main/DEBUG] [cpw.mods.modlauncher.TransformationServicesHandler/MODLAUNCHER]: Transformation services loading
[19апр.2026 19:22:36.456] [main/DEBUG] [cpw.mods.modlauncher.TransformationServiceDecorator/MODLAUNCHER]: Loading service mixin
[19апр.2026 19:22:36.457] [main/DEBUG] [cpw.mods.modlauncher.TransformationServiceDecorator/MODLAUNCHER]: Loaded service mixin
[19апр.2026 19:22:36.457] [main/DEBUG] [cpw.mods.modlauncher.TransformationServiceDecorator/MODLAUNCHER]: Loading service fml
[19апр.2026 19:22:36.458] [main/DEBUG] [net.neoforged.fml.loading.FMLLoader/CORE]: FML 4.0.42 loading
[19апр.2026 19:22:36.458] [main/DEBUG] [net.neoforged.fml.loading.FMLLoader/CORE]: FML found ModLauncher version : 11.0.5+main.901c6ea8
[19апр.2026 19:22:36.458] [main/DEBUG] [net.neoforged.fml.loading.FMLLoader/CORE]: FML found AccessTransformer version : 10.0.1+139da711
[19апр.2026 19:22:36.459] [main/DEBUG] [net.neoforged.fml.loading.FMLLoader/CORE]: FML found EventBus version : null
[19апр.2026 19:22:36.459] [main/DEBUG] [net.neoforged.fml.loading.FMLLoader/CORE]: Found Runtime Dist Cleaner
[19апр.2026 19:22:36.459] [main/DEBUG] [cpw.mods.modlauncher.TransformationServiceDecorator/MODLAUNCHER]: Loaded service fml
[19апр.2026 19:22:36.460] [main/DEBUG] [cpw.mods.modlauncher.TransformationServicesHandler/MODLAUNCHER]: Configuring option handling for services
[19апр.2026 19:22:36.478] [main/DEBUG] [net.neoforged.fml.loading.FMLServiceProvider/CORE]: Received command line version data  : VersionInfo[neoForgeVersion=21.1.227, fmlVersion=4.0.42, mcVersion=1.21.1, neoFormVersion=20240808.144430]
[19апр.2026 19:22:36.479] [main/DEBUG] [cpw.mods.modlauncher.TransformationServicesHandler/MODLAUNCHER]: Transformation services initializing
[19апр.2026 19:22:36.479] [main/DEBUG] [cpw.mods.modlauncher.TransformationServiceDecorator/MODLAUNCHER]: Initializing transformation service mixin
[19апр.2026 19:22:36.494] [main/DEBUG] [mixin/]: MixinService [ModLauncher] was successfully booted in cpw.mods.cl.ModuleClassLoader@365185bd
[19апр.2026 19:22:36.505] [main/INFO] [mixin/]: SpongePowered MIXIN Subsystem Version=0.8.7 Source=union:/C:/Users/RootTool/.gradle/caches/modules-2/files-2.1/net.fabricmc/sponge-mixin/0.15.2+mixin.0.8.7/2af2f021d8e02a0220dc27a7a72b4666d66d44ca/sponge-mixin-0.15.2+mixin.0.8.7.jar%23142!/ Service=ModLauncher Env=CLIENT
[19апр.2026 19:22:36.509] [main/DEBUG] [mixin/]: Initialising Mixin Platform Manager
[19апр.2026 19:22:36.510] [main/DEBUG] [mixin/]: Adding mixin platform agents for container ModLauncher Root Container(ModLauncher:4f56a0a2)
[19апр.2026 19:22:36.511] [main/DEBUG] [mixin/]: Instancing new MixinPlatformAgentMinecraftForge for ModLauncher Root Container(ModLauncher:4f56a0a2)
[19апр.2026 19:22:36.511] [main/DEBUG] [mixin/]: MixinPlatformAgentMinecraftForge rejected container ModLauncher Root Container(ModLauncher:4f56a0a2)
[19апр.2026 19:22:36.512] [main/DEBUG] [mixin/]: Instancing new MixinPlatformAgentDefault for ModLauncher Root Container(ModLauncher:4f56a0a2)
[19апр.2026 19:22:36.512] [main/DEBUG] [mixin/]: MixinPlatformAgentDefault accepted container ModLauncher Root Container(ModLauncher:4f56a0a2)
[19апр.2026 19:22:36.515] [main/DEBUG] [cpw.mods.modlauncher.TransformationServiceDecorator/MODLAUNCHER]: Initialized transformation service mixin
[19апр.2026 19:22:36.515] [main/DEBUG] [cpw.mods.modlauncher.TransformationServiceDecorator/MODLAUNCHER]: Initializing transformation service fml
[19апр.2026 19:22:36.515] [main/DEBUG] [net.neoforged.fml.loading.FMLServiceProvider/CORE]: Setting up basic FML game directories
[19апр.2026 19:22:36.516] [main/DEBUG] [net.neoforged.fml.loading.FMLPaths/CORE]: Path GAMEDIR is C:\Users\RootTool\Documents\GitHub\Clones\Sophisticated-Backpacks-Etched-Integration\runs\client
[19апр.2026 19:22:36.516] [main/DEBUG] [net.neoforged.fml.loading.FMLPaths/CORE]: Path MODSDIR is C:\Users\RootTool\Documents\GitHub\Clones\Sophisticated-Backpacks-Etched-Integration\runs\client\mods
[19апр.2026 19:22:36.516] [main/DEBUG] [net.neoforged.fml.loading.FMLPaths/CORE]: Path CONFIGDIR is C:\Users\RootTool\Documents\GitHub\Clones\Sophisticated-Backpacks-Etched-Integration\runs\client\config
[19апр.2026 19:22:36.516] [main/DEBUG] [net.neoforged.fml.loading.FMLPaths/CORE]: Path FMLCONFIG is C:\Users\RootTool\Documents\GitHub\Clones\Sophisticated-Backpacks-Etched-Integration\runs\client\config\fml.toml
[19апр.2026 19:22:36.517] [main/DEBUG] [net.neoforged.fml.loading.FMLServiceProvider/CORE]: Loading configuration
[19апр.2026 19:22:36.518] [main/TRACE] [net.neoforged.fml.loading.FMLConfig/CORE]: Loaded FML config from C:\Users\RootTool\Documents\GitHub\Clones\Sophisticated-Backpacks-Etched-Integration\runs\client\config\fml.toml
[19апр.2026 19:22:36.519] [main/TRACE] [net.neoforged.fml.loading.FMLConfig/CORE]: FMLConfig disableConfigWatcher is false
[19апр.2026 19:22:36.519] [main/TRACE] [net.neoforged.fml.loading.FMLConfig/CORE]: FMLConfig earlyWindowControl is true
[19апр.2026 19:22:36.519] [main/TRACE] [net.neoforged.fml.loading.FMLConfig/CORE]: FMLConfig maxThreads is 12
[19апр.2026 19:22:36.519] [main/TRACE] [net.neoforged.fml.loading.FMLConfig/CORE]: FMLConfig versionCheck is true
[19апр.2026 19:22:36.519] [main/TRACE] [net.neoforged.fml.loading.FMLConfig/CORE]: FMLConfig defaultConfigPath is defaultconfigs
[19апр.2026 19:22:36.519] [main/TRACE] [net.neoforged.fml.loading.FMLConfig/CORE]: FMLConfig disableOptimizedDFU is true
[19апр.2026 19:22:36.519] [main/TRACE] [net.neoforged.fml.loading.FMLConfig/CORE]: FMLConfig earlyWindowProvider is fmlearlywindow
[19апр.2026 19:22:36.519] [main/TRACE] [net.neoforged.fml.loading.FMLConfig/CORE]: FMLConfig earlyWindowWidth is 854
[19апр.2026 19:22:36.519] [main/TRACE] [net.neoforged.fml.loading.FMLConfig/CORE]: FMLConfig earlyWindowHeight is 480
[19апр.2026 19:22:36.519] [main/TRACE] [net.neoforged.fml.loading.FMLConfig/CORE]: FMLConfig earlyWindowFBScale is 1
[19апр.2026 19:22:36.519] [main/TRACE] [net.neoforged.fml.loading.FMLConfig/CORE]: FMLConfig earlyWindowMaximized is false
[19апр.2026 19:22:36.520] [main/TRACE] [net.neoforged.fml.loading.FMLConfig/CORE]: FMLConfig earlyWindowSkipGLVersions is []
[19апр.2026 19:22:36.520] [main/TRACE] [net.neoforged.fml.loading.FMLConfig/CORE]: FMLConfig earlyWindowSquir is false
[19апр.2026 19:22:36.522] [main/DEBUG] [net.neoforged.fml.loading.LaunchContext/SCAN]: Located paths when launch context was created: [C:\Users\RootTool\.gradle\caches\modules-2\files-2.1\org.slf4j\slf4j-api\2.0.9\7cf2726fdcfbc8610f9a71fb3ed639871f315340\slf4j-api-2.0.9.jar, C:\Users\RootTool\.gradle\caches\modules-2\files-2.1\com.google.guava\failureaccess\1.0.1\1dcf1de382a0bf95a3d8b0849546c88bac1292c9\failureaccess-1.0.1.jar, C:\Users\RootTool\.gradle\caches\modules-2\files-2.1\org.lwjgl\lwjgl-opengl\3.3.3\2f6b0147078396a58979125a4c947664e98293a\lwjgl-opengl-3.3.3.jar, C:\Users\RootTool\.gradle\caches\modules-2\files-2.1\net.neoforged.fancymodloader\earlydisplay\4.0.42\46555dbfff14e9e052f1f693aed14d542a74e111\earlydisplay-4.0.42.jar, C:\Users\RootTool\.gradle\caches\modules-2\files-2.1\cpw.mods\modlauncher\11.0.5\b8f0d49294f733fdb6173931b263553e943dc950\modlauncher-11.0.5.jar, C:\Users\RootTool\.gradle\caches\modules-2\files-2.1\io.netty\netty-resolver\4.1.97.Final\cec8348108dc76c47cf87c669d514be52c922144\netty-resolver-4.1.97.Final.jar, C:\Users\RootTool\.gradle\caches\modules-2\files-2.1\com.mojang\patchy\2.2.10\da05971b07cbb379d002cf7eaec6a2048211fefc\patchy-2.2.10.jar, C:\Users\RootTool\.gradle\caches\modules-2\files-2.1\ca.weblite\java-objc-bridge\1.1\1227f9e0666314f9de41477e3ec277e542ed7f7b\java-objc-bridge-1.1.jar, C:\Users\RootTool\Documents\GitHub\Clones\Sophisticated-Backpacks-Etched-Integration\.gradle\repositories\ng_dummy_ng\net\minecraft\client\1.21.1\client-1.21.1-client-extra.jar, C:\Users\RootTool\.gradle\caches\modules-2\files-2.1\io.netty\netty-buffer\4.1.97.Final\f8f3d8644afa5e6e1a40a3a6aeb9d9aa970ecb4f\netty-buffer-4.1.97.Final.jar, C:\Users\RootTool\.gradle\caches\modules-2\files-2.1\org.apache.logging.log4j\log4j-core\2.22.1\7183a25510a02ad00cc6a95d3b3d2a7d3c5a8dc4\log4j-core-2.22.1.jar, C:\Users\RootTool\.gradle\caches\modules-2\files-2.1\net.neoforged\mergetool\2.0.3\1275202cbbb248f49345cf6787ce299afd9a02fb\mergetool-2.0.3-api.jar, C:\Users\RootTool\.gradle\caches\modules-2\files-2.1\io.netty\netty-common\4.1.97.Final\7cceacaf11df8dc63f23d0fb58e9d4640fc88404\netty-common-4.1.97.Final.jar, C:\Users\RootTool\.gradle\caches\modules-2\files-2.1\org.lz4\lz4-java\1.8.0\4b986a99445e49ea5fbf5d149c4b63f6ed6c6780\lz4-java-1.8.0.jar, C:\Users\RootTool\.gradle\caches\modules-2\files-2.1\org.lwjgl\lwjgl-opengl\3.3.3\65e956d3735a1abdc82eff4baec1b61174697d4b\lwjgl-opengl-3.3.3-natives-windows-arm64.jar, C:\Users\RootTool\.gradle\caches\modules-2\files-2.1\net.java.dev.jna\jna-platform\5.14.0\28934d48aed814f11e4c584da55c49fa7032b31b\jna-platform-5.14.0.jar, C:\Users\RootTool\.gradle\caches\modules-2\files-2.1\io.netty\netty-transport\4.1.97.Final\f37380d23c9bb079bc702910833b2fd532c9abd0\netty-transport-4.1.97.Final.jar, C:\Users\RootTool\.gradle\caches\modules-2\files-2.1\net.fabricmc\sponge-mixin\0.15.2+mixin.0.8.7\2af2f021d8e02a0220dc27a7a72b4666d66d44ca\sponge-mixin-0.15.2+mixin.0.8.7.jar, C:\Users\RootTool\.gradle\caches\modules-2\files-2.1\com.mojang\datafixerupper\8.0.16\67d4de6d7f95d89bcf5862995fb854ebaec02a34\datafixerupper-8.0.16.jar, C:\Users\RootTool\.gradle\caches\modules-2\files-2.1\com.mojang\authlib\6.0.54\de8bc95660e1b2fe8793fd427a7a10dcec5b3ea7\authlib-6.0.54.jar, C:\Users\RootTool\.gradle\caches\modules-2\files-2.1\net.neoforged\JarJarMetadata\0.4.1\f8da03683dc81694556dc3e177c5e3bb77ae6fcb\JarJarMetadata-0.4.1.jar, C:\Users\RootTool\.gradle\caches\modules-2\files-2.1\net.minecraftforge\srgutils\0.4.15\ca408b131759478f164e010fae0d73997e125fb5\srgutils-0.4.15.jar, C:\Users\RootTool\.gradle\caches\modules-2\files-2.1\com.google.guava\guava\32.1.2-jre\5e64ec7e056456bef3a4bc4c6fdaef71e8ab6318\guava-32.1.2-jre.jar, C:\Users\RootTool\.gradle\caches\modules-2\files-2.1\com.github.oshi\oshi-core\6.4.10\b1d8ab82d11d92fd639b56d639f8f46f739dd5fa\oshi-core-6.4.10.jar, C:\Users\RootTool\.gradle\caches\modules-2\files-2.1\com.electronwill.night-config\toml\3.8.3\90b2fd6efcb4a7d5b9810cf78f9d824994d717f2\toml-3.8.3.jar, C:\Users\RootTool\.gradle\caches\modules-2\files-2.1\org.lwjgl\lwjgl-jemalloc\3.3.3\426222fc027602a5f21b9c0fe79cde6a4c7a011f\lwjgl-jemalloc-3.3.3-natives-windows.jar, C:\Users\RootTool\.gradle\caches\modules-2\files-2.1\org.jline\jline-terminal\3.20.0\d0ddcc708ddf527a3454c941b7b9225cc83a15ff\jline-terminal-3.20.0.jar, C:\Users\RootTool\.gradle\caches\modules-2\files-2.1\net.sf.jopt-simple\jopt-simple\5.0.4\4fdac2fbe92dfad86aa6e9301736f6b4342a3f5c\jopt-simple-5.0.4.jar, C:\Users\RootTool\.gradle\caches\modules-2\files-2.1\org.apache.maven\maven-artifact\3.8.5\4433f50c07debefaed0553bd0068f4f48d449313\maven-artifact-3.8.5.jar, C:\Users\RootTool\.gradle\caches\modules-2\files-2.1\org.apache.httpcomponents\httpcore\4.4.16\51cf043c87253c9f58b539c9f7e44c8894223850\httpcore-4.4.16.jar, C:\Users\RootTool\.gradle\caches\modules-2\files-2.1\com.mojang\blocklist\1.0.10\5c685c5ffa94c4cd39496c7184c1d122e515ecef\blocklist-1.0.10.jar, C:\Users\RootTool\.gradle\caches\modules-2\files-2.1\org.jline\jline-reader\3.20.0\8f15415b022a25b473e8e16c28ae913186ffb9c4\jline-reader-3.20.0.jar, C:\Users\RootTool\.gradle\caches\modules-2\files-2.1\org.lwjgl\lwjgl-tinyfd\3.3.3\a6697981b0449a5087c1d546fc08b4f73e8f98c9\lwjgl-tinyfd-3.3.3-natives-windows.jar, C:\Users\RootTool\.gradle\caches\modules-2\files-2.1\com.ibm.icu\icu4j\73.2\61ad4ef7f9131fcf6d25c34b817f90d6da06c9e9\icu4j-73.2.jar, C:\Users\RootTool\.gradle\caches\modules-2\files-2.1\org.apache.logging.log4j\log4j-slf4j2-impl\2.22.1\d7e6693c2606cb7e7335047d7bb96dec52db5665\log4j-slf4j2-impl-2.22.1.jar, C:\Users\RootTool\.gradle\caches\modules-2\files-2.1\org.jetbrains\annotations\24.1.0\7af6a669488450c4a07c2c3254e2151df42d7d04\annotations-24.1.0.jar, C:\Users\RootTool\.gradle\caches\modules-2\files-2.1\org.lwjgl\lwjgl-openal\3.3.3\87b8d5050e3adb46bb58fe1cb2669a4a48fce10d\lwjgl-openal-3.3.3-natives-windows-x86.jar, C:\Users\RootTool\.gradle\caches\modules-2\files-2.1\org.lwjgl\lwjgl-openal\3.3.3\daada81ceb5fc0c291fbfdd4433cb8d9423577f2\lwjgl-openal-3.3.3.jar, C:\Users\RootTool\.gradle\caches\modules-2\files-2.1\io.netty\netty-transport-native-unix-common\4.1.97.Final\d469d84265ab70095b01b40886cabdd433b6e664\netty-transport-native-unix-common-4.1.97.Final.jar, C:\Users\RootTool\.gradle\caches\modules-2\files-2.1\com.mojang\brigadier\1.3.10\d15b53a14cf20fdcaa98f731af5dda654452c010\brigadier-1.3.10.jar, C:\Users\RootTool\.gradle\caches\modules-2\files-2.1\net.neoforged.fancymodloader\loader\4.0.42\76e15f98bf676fb44b36c5e776f52a55581ec43a\loader-4.0.42.jar, C:\Users\RootTool\.gradle\caches\modules-2\files-2.1\net.neoforged\accesstransformers\10.0.1\fd83b5725f76eae9115e9355fa1c456a6a441400\accesstransformers-10.0.1.jar, C:\Users\RootTool\.gradle\caches\modules-2\files-2.1\com.google.code.gson\gson\2.10.1\b3add478d4382b78ea20b1671390a858002feb6c\gson-2.10.1.jar, C:\Users\RootTool\.gradle\caches\modules-2\files-2.1\com.mojang\text2speech\1.17.9\3cad216e3a7f0c19b4b394388bc9ffc446f13b14\text2speech-1.17.9.jar, C:\Users\RootTool\.gradle\caches\modules-2\files-2.1\commons-io\commons-io\2.15.1\f11560da189ab563a5c8e351941415430e9304ea\commons-io-2.15.1.jar, C:\Users\RootTool\.gradle\caches\modules-2\files-2.1\net.java.dev.jna\jna\5.14.0\67bf3eaea4f0718cb376a181a629e5f88fa1c9dd\jna-5.14.0.jar, C:\Users\RootTool\.gradle\caches\modules-2\files-2.1\com.mojang\logging\1.2.7\24cb95ffb0e3433fd6e844c04e68009e504ca1c0\logging-1.2.7.jar, C:\Users\RootTool\.gradle\caches\modules-2\files-2.1\org.lwjgl\lwjgl-jemalloc\3.3.3\b543467b7ff3c6920539a88ee602d34098628be5\lwjgl-jemalloc-3.3.3.jar, C:\Users\RootTool\.gradle\caches\modules-2\files-2.1\net.neoforged\bus\8.0.5\5b2d33285ab5d1554e9798ad98c40d6ea3868bd5\bus-8.0.5.jar, C:\Users\RootTool\.gradle\caches\modules-2\files-2.1\io.netty\netty-codec\4.1.97.Final\384ba4d75670befbedb45c4d3b497a93639c206d\netty-codec-4.1.97.Final.jar, C:\Users\RootTool\.gradle\caches\modules-2\files-2.1\com.machinezoo.noexception\noexception\1.7.1\b65330c98e38a1f915fa54a6e5eca496505e3f0a\noexception-1.7.1.jar, C:\Users\RootTool\.gradle\caches\modules-2\files-2.1\com.google.code.findbugs\jsr305\3.0.2\25ea2e8b0c338a877313bd4672d3fe056ea78f0d\jsr305-3.0.2.jar, C:\Users\RootTool\.gradle\caches\modules-2\files-2.1\org.apache.httpcomponents\httpclient\4.5.13\e5f6cae5ca7ecaac1ec2827a9e2d65ae2869cada\httpclient-4.5.13.jar, C:\Users\RootTool\.gradle\caches\modules-2\files-2.1\org.apache.commons\commons-compress\1.26.0\659feffdd12280201c8aacb8f7be94f9a883c824\commons-compress-1.26.0.jar, C:\Users\RootTool\.gradle\caches\modules-2\files-2.1\org.lwjgl\lwjgl-glfw\3.3.3\32334f3fd5270a59bad9939a93115acb6de36dcf\lwjgl-glfw-3.3.3-natives-windows-x86.jar, C:\Users\RootTool\.gradle\caches\modules-2\files-2.1\net.neoforged\JarJarSelector\0.4.1\fb3cc7a58af22ad2880adb98af6d518128c47dae\JarJarSelector-0.4.1.jar, C:\Users\RootTool\.gradle\caches\modules-2\files-2.1\org.jcraft\jorbis\0.0.17\8872d22b293e8f5d7d56ff92be966e6dc28ebdc6\jorbis-0.0.17.jar, C:\Users\RootTool\.gradle\caches\modules-2\files-2.1\net.neoforged.accesstransformers\at-modlauncher\10.0.1\5aba50202aceead086bc09fbc2751c9f05cb4890\at-modlauncher-10.0.1.jar, C:\Users\RootTool\.gradle\caches\modules-2\files-2.1\org.apache.commons\commons-lang3\3.14.0\1ed471194b02f2c6cb734a0cd6f6f107c673afae\commons-lang3-3.14.0.jar, C:\Users\RootTool\.gradle\caches\modules-2\files-2.1\com.google.errorprone\error_prone_annotations\2.18.0\89b684257096f548fa39a7df9fdaa409d4d4df91\error_prone_annotations-2.18.0.jar, C:\Users\RootTool\.gradle\caches\modules-2\files-2.1\io.netty\netty-handler\4.1.97.Final\abb86c6906bf512bf2b797a41cd7d2e8d3cd7c36\netty-handler-4.1.97.Final.jar, C:\Users\RootTool\.gradle\caches\modules-2\files-2.1\commons-logging\commons-logging\1.2\4bfc12adfe4842bf07b657f0369c4cb522955686\commons-logging-1.2.jar, C:\Users\RootTool\.gradle\caches\modules-2\files-2.1\com.google.j2objc\j2objc-annotations\2.8\c85270e307e7b822f1086b93689124b89768e273\j2objc-annotations-2.8.jar, C:\Users\RootTool\.gradle\caches\modules-2\files-2.1\org.lwjgl\lwjgl-glfw\3.3.3\efa1eb78c5ccd840e9f329717109b5e892d72f8e\lwjgl-glfw-3.3.3.jar, C:\Users\RootTool\.gradle\caches\modules-2\files-2.1\org.lwjgl\lwjgl-stb\3.3.3\25dd6161988d7e65f71d5065c99902402ee32746\lwjgl-stb-3.3.3.jar, C:\Users\RootTool\.gradle\caches\modules-2\files-2.1\net.jodah\typetools\0.6.3\a01aaa6ddaea9ec07ec4f209487b7a46a526283a\typetools-0.6.3.jar, C:\Users\RootTool\.gradle\caches\modules-2\files-2.1\org.apache.logging.log4j\log4j-api\2.22.1\bea6fede6328fabafd7e68363161a7ea6605abd1\log4j-api-2.22.1.jar, C:\Users\RootTool\.gradle\caches\modules-2\files-2.1\com.electronwill.night-config\core\3.8.3\b442a95f09e349927f5a945ecb594455870fcf4f\core-3.8.3.jar, C:\Users\RootTool\.gradle\caches\modules-2\files-2.1\org.lwjgl\lwjgl\3.3.3\9e670718e050aeaeea0c2d5b907cffb142f2e58f\lwjgl-3.3.3-natives-windows-x86.jar, C:\Users\RootTool\.gradle\caches\modules-2\files-2.1\commons-codec\commons-codec\1.16.0\4e3eb3d79888d76b54e28b350915b5dc3919c9de\commons-codec-1.16.0.jar, C:\Users\RootTool\.gradle\caches\modules-2\files-2.1\org.openjdk.nashorn\nashorn-core\15.4\f67f5ffaa5f5130cf6fb9b133da00c7df3b532a5\nashorn-core-15.4.jar, C:\Users\RootTool\.gradle\caches\modules-2\files-2.1\org.antlr\antlr4-runtime\4.13.1\17125bae1d965624e265ef49552f6465a2bfa307\antlr4-runtime-4.13.1.jar, C:\Users\RootTool\.gradle\caches\modules-2\files-2.1\org.lwjgl\lwjgl-stb\3.3.3\1d9facdf6541de114b0f963be33505b7679c78cb\lwjgl-stb-3.3.3-natives-windows.jar, C:\Users\RootTool\.gradle\caches\modules-2\files-2.1\org.lwjgl\lwjgl\3.3.3\29589b5f87ed335a6c7e7ee6a5775f81f97ecb84\lwjgl-3.3.3.jar, C:\Users\RootTool\.gradle\caches\modules-2\files-2.1\org.lwjgl\lwjgl-freetype\3.3.3\15a8c1de7f51d07a92eae7ce1222557073a0c0c3\lwjgl-freetype-3.3.3-natives-windows-x86.jar, C:\Users\RootTool\.gradle\caches\modules-2\files-2.1\net.minecrell\terminalconsoleappender\1.3.0\b562e9bb61235c9520e26282cdee71f8f802d1fc\terminalconsoleappender-1.3.0.jar, C:\Users\RootTool\.gradle\caches\modules-2\files-2.1\it.unimi.dsi\fastutil\8.5.12\c24946d46824bd528054bface3231d2ecb7e95e8\fastutil-8.5.12.jar, C:\Users\RootTool\.gradle\caches\modules-2\files-2.1\com.google.guava\listenablefuture\9999.0-empty-to-avoid-conflict-with-guava\b421526c5f297295adef1c886e5246c39d4ac629\listenablefuture-9999.0-empty-to-avoid-conflict-with-guava.jar, C:\Users\RootTool\.gradle\caches\modules-2\files-2.1\org.joml\joml\1.10.5\22566d58af70ad3d72308bab63b8339906deb649\joml-1.10.5.jar, C:\Users\RootTool\.gradle\caches\modules-2\files-2.1\org.lwjgl\lwjgl-freetype\3.3.3\a0db6c84a8becc8ca05f9dbfa985edc348a824c7\lwjgl-freetype-3.3.3.jar, C:\Users\RootTool\.gradle\caches\modules-2\files-2.1\net.neoforged\coremods\7.0.3\9147e6f638b4272b3bd5fc8f92ad37802512c6c\coremods-7.0.3.jar, C:\Users\RootTool\.gradle\caches\modules-2\files-2.1\io.netty\netty-transport-classes-epoll\4.1.97.Final\795da37ded759e862457a82d9d92c4d39ce8ecee\netty-transport-classes-epoll-4.1.97.Final.jar, C:\Users\RootTool\.gradle\caches\modules-2\files-2.1\org.checkerframework\checker-qual\3.33.0\de2b60b62da487644fc11f734e73c8b0b431238f\checker-qual-3.33.0.jar, C:\Users\RootTool\.gradle\caches\modules-2\files-2.1\org.codehaus.plexus\plexus-utils\3.3.0\cf43b5391de623b36fe066a21127baef82c64022\plexus-utils-3.3.0.jar, C:\Users\RootTool\.gradle\caches\modules-2\files-2.1\org.lwjgl\lwjgl-tinyfd\3.3.3\82d755ca94b102e9ca77283b9e2dc46d1b15fbe5\lwjgl-tinyfd-3.3.3.jar]
[19апр.2026 19:22:36.522] [main/DEBUG] [net.neoforged.fml.loading.FMLServiceProvider/CORE]: Preparing launch handler
[19апр.2026 19:22:36.523] [main/DEBUG] [net.neoforged.fml.loading.FMLLoader/CORE]: Using forgeclientdev as launch service
[19апр.2026 19:22:36.524] [main/DEBUG] [net.neoforged.fml.common.asm.RuntimeDistCleaner/DISTXFORM]: Configuring for Dist CLIENT
[19апр.2026 19:22:36.526] [main/DEBUG] [cpw.mods.modlauncher.TransformationServiceDecorator/MODLAUNCHER]: Initialized transformation service fml
[19апр.2026 19:22:36.526] [main/DEBUG] [cpw.mods.modlauncher.TransformationServicesHandler/MODLAUNCHER]: Transformation services begin scanning
[19апр.2026 19:22:36.527] [main/DEBUG] [cpw.mods.modlauncher.TransformationServiceDecorator/MODLAUNCHER]: Beginning scan trigger - transformation service mixin
[19апр.2026 19:22:36.527] [main/DEBUG] [cpw.mods.modlauncher.TransformationServiceDecorator/MODLAUNCHER]: End scan trigger - transformation service mixin
[19апр.2026 19:22:36.527] [main/DEBUG] [cpw.mods.modlauncher.TransformationServiceDecorator/MODLAUNCHER]: Beginning scan trigger - transformation service fml
[19апр.2026 19:22:36.527] [main/DEBUG] [net.neoforged.fml.loading.FMLServiceProvider/CORE]: Initiating mod scan
[19апр.2026 19:22:36.527] [main/DEBUG] [net.neoforged.fml.loading.targets.CommonLaunchHandler/CORE]: Got mod coordinates Sophisticated-Backpacks-Etched-Integration%%C:\Users\RootTool\Documents\GitHub\Clones\Sophisticated-Backpacks-Etched-Integration\build\resources\main;Sophisticated-Backpacks-Etched-Integration%%C:\Users\RootTool\Documents\GitHub\Clones\Sophisticated-Backpacks-Etched-Integration\build\classes\java\main from env
[19апр.2026 19:22:36.528] [main/DEBUG] [net.neoforged.fml.loading.targets.CommonLaunchHandler/CORE]: Found supplied mod coordinates [{Sophisticated-Backpacks-Etched-Integration=[C:\Users\RootTool\Documents\GitHub\Clones\Sophisticated-Backpacks-Etched-Integration\build\resources\main, C:\Users\RootTool\Documents\GitHub\Clones\Sophisticated-Backpacks-Etched-Integration\build\classes\java\main]}]
[19апр.2026 19:22:36.529] [main/DEBUG] [net.neoforged.fml.loading.targets.CommonDevLaunchHandler/]: Launching with NeoForge from C:\Users\RootTool\Documents\GitHub\Clones\Sophisticated-Backpacks-Etched-Integration\.gradle\repositories\ng_dummy_ng\net\neoforged\neoforge\21.1.227\neoforge-21.1.227.jar
[19апр.2026 19:22:36.542] [main/DEBUG] [net.neoforged.fml.util.ServiceLoaderUtil/CORE]: Found 4 implementations of IModFileCandidateLocator:
[19апр.2026 19:22:36.543] [main/DEBUG] [net.neoforged.fml.util.ServiceLoaderUtil/CORE]: 	       0 - [built-in] net.neoforged.fml.loading.moddiscovery.locators.NeoForgeDevProvider from loader-4.0.42.jar
[19апр.2026 19:22:36.543] [main/DEBUG] [net.neoforged.fml.util.ServiceLoaderUtil/CORE]: 	       0 - net.neoforged.fml.loading.moddiscovery.locators.ModsFolderLocator from loader-4.0.42.jar
[19апр.2026 19:22:36.543] [main/DEBUG] [net.neoforged.fml.util.ServiceLoaderUtil/CORE]: 	       0 - net.neoforged.fml.loading.moddiscovery.locators.MavenDirectoryLocator from loader-4.0.42.jar
[19апр.2026 19:22:36.543] [main/DEBUG] [net.neoforged.fml.util.ServiceLoaderUtil/CORE]: 	   -1000 - [built-in] net.neoforged.fml.loading.moddiscovery.locators.UserdevLocator from loader-4.0.42.jar
[19апр.2026 19:22:36.545] [main/DEBUG] [net.neoforged.fml.util.ServiceLoaderUtil/CORE]: Found 2 implementations of IModFileReader:
[19апр.2026 19:22:36.545] [main/DEBUG] [net.neoforged.fml.util.ServiceLoaderUtil/CORE]: 	       0 - net.neoforged.fml.loading.moddiscovery.readers.JarModsDotTomlModFileReader from loader-4.0.42.jar
[19апр.2026 19:22:36.545] [main/DEBUG] [net.neoforged.fml.util.ServiceLoaderUtil/CORE]: 	   -1000 - net.neoforged.fml.loading.moddiscovery.readers.NestedLibraryModReader from loader-4.0.42.jar
[19апр.2026 19:22:36.547] [main/DEBUG] [net.neoforged.fml.util.ServiceLoaderUtil/CORE]: Found 1 implementations of IDependencyLocator:
[19апр.2026 19:22:36.547] [main/DEBUG] [net.neoforged.fml.util.ServiceLoaderUtil/CORE]: 	       0 - net.neoforged.fml.loading.moddiscovery.locators.JarInJarDependencyLocator from loader-4.0.42.jar
[19апр.2026 19:22:36.548] [main/DEBUG] [net.neoforged.fml.loading.moddiscovery.ModDiscoverer/SCAN]: Scanning for mods and other resources to load. We know 4 ways to find mods
[19апр.2026 19:22:36.548] [main/DEBUG] [net.neoforged.fml.loading.moddiscovery.ModDiscoverer/SCAN]: Trying locator neoforge devenv provider ([C:\Users\RootTool\Documents\GitHub\Clones\Sophisticated-Backpacks-Etched-Integration\.gradle\repositories\ng_dummy_ng\net\neoforged\neoforge\21.1.227\neoforge-21.1.227.jar])
[19апр.2026 19:22:36.619] [main/DEBUG] [net.neoforged.fml.loading.moddiscovery.ModFileInfo/LOADING]: Found valid mod file neoforge-21.1.227.jar with {minecraft} mods - versions {1.21.1}
[19апр.2026 19:22:36.619] [main/INFO] [net.neoforged.fml.loading.moddiscovery.ModDiscoverer/SCAN]: Found mod file "neoforge-21.1.227.jar" [locator: neoforge devenv provider ([C:\Users\RootTool\Documents\GitHub\Clones\Sophisticated-Backpacks-Etched-Integration\.gradle\repositories\ng_dummy_ng\net\neoforged\neoforge\21.1.227\neoforge-21.1.227.jar])]
[19апр.2026 19:22:36.626] [main/DEBUG] [net.neoforged.fml.loading.moddiscovery.readers.JarModsDotTomlModFileReader/SCAN]: Found META-INF/neoforge.mods.toml mod of type null: C:\Users\RootTool\Documents\GitHub\Clones\Sophisticated-Backpacks-Etched-Integration\.gradle\repositories\ng_dummy_ng\net\neoforged\neoforge\21.1.227\neoforge-21.1.227.jar
[19апр.2026 19:22:36.627] [main/DEBUG] [net.neoforged.fml.loading.moddiscovery.ModFileParser/LOADING]: Considering mod file candidate C:\Users\RootTool\Documents\GitHub\Clones\Sophisticated-Backpacks-Etched-Integration\.gradle\repositories\ng_dummy_ng\net\neoforged\neoforge\21.1.227\neoforge-21.1.227.jar
[19апр.2026 19:22:36.647] [main/DEBUG] [net.neoforged.fml.loading.moddiscovery.ModFileInfo/LOADING]: Found valid mod file neoforge-21.1.227.jar with {neoforge} mods - versions {21.1.227}
[19апр.2026 19:22:36.647] [main/INFO] [net.neoforged.fml.loading.moddiscovery.ModDiscoverer/SCAN]: Found mod file "neoforge-21.1.227.jar" [locator: neoforge devenv provider ([C:\Users\RootTool\Documents\GitHub\Clones\Sophisticated-Backpacks-Etched-Integration\.gradle\repositories\ng_dummy_ng\net\neoforged\neoforge\21.1.227\neoforge-21.1.227.jar])]
[19апр.2026 19:22:36.647] [main/DEBUG] [net.neoforged.fml.loading.moddiscovery.ModDiscoverer/SCAN]: Locator neoforge devenv provider ([C:\Users\RootTool\Documents\GitHub\Clones\Sophisticated-Backpacks-Etched-Integration\.gradle\repositories\ng_dummy_ng\net\neoforged\neoforge\21.1.227\neoforge-21.1.227.jar]) found 2 mods, 0 warnings, 0 errors and skipped 0 candidates
[19апр.2026 19:22:36.648] [main/DEBUG] [net.neoforged.fml.loading.moddiscovery.ModDiscoverer/SCAN]: Trying locator {mods folder locator at C:\Users\RootTool\Documents\GitHub\Clones\Sophisticated-Backpacks-Etched-Integration\runs\client\mods}
[19апр.2026 19:22:36.648] [main/DEBUG] [net.neoforged.fml.loading.moddiscovery.locators.ModsFolderLocator/SCAN]: Scanning mods dir C:\Users\RootTool\Documents\GitHub\Clones\Sophisticated-Backpacks-Etched-Integration\runs\client\mods for mods
[19апр.2026 19:22:36.649] [main/DEBUG] [net.neoforged.fml.loading.moddiscovery.ModDiscoverer/SCAN]: Locator {mods folder locator at C:\Users\RootTool\Documents\GitHub\Clones\Sophisticated-Backpacks-Etched-Integration\runs\client\mods} found 0 mods, 0 warnings, 0 errors and skipped 0 candidates
[19апр.2026 19:22:36.649] [main/DEBUG] [net.neoforged.fml.loading.moddiscovery.ModDiscoverer/SCAN]: Trying locator maven libs
[19апр.2026 19:22:36.652] [main/DEBUG] [net.neoforged.fml.loading.moddiscovery.ModListHandler/CORE]: Found mod coordinates from lists: []
[19апр.2026 19:22:36.652] [main/DEBUG] [net.neoforged.fml.loading.moddiscovery.ModDiscoverer/SCAN]: Locator maven libs found 0 mods, 0 warnings, 0 errors and skipped 0 candidates
[19апр.2026 19:22:36.652] [main/DEBUG] [net.neoforged.fml.loading.moddiscovery.ModDiscoverer/SCAN]: Trying locator userdev mods and services
[19апр.2026 19:22:36.654] [main/DEBUG] [net.neoforged.fml.loading.moddiscovery.readers.JarModsDotTomlModFileReader/SCAN]: Found META-INF/neoforge.mods.toml mod of type null: C:\Users\RootTool\Documents\GitHub\Clones\Sophisticated-Backpacks-Etched-Integration\build\resources\main
[19апр.2026 19:22:36.654] [main/DEBUG] [net.neoforged.fml.loading.moddiscovery.ModFileParser/LOADING]: Considering mod file candidate C:\Users\RootTool\Documents\GitHub\Clones\Sophisticated-Backpacks-Etched-Integration\build\resources\main
[19апр.2026 19:22:36.660] [main/DEBUG] [net.neoforged.fml.loading.moddiscovery.ModFileInfo/LOADING]: Found valid mod file main with {sophisticatedbackpacksetchedintegration} mods - versions {1.0.0}
[19апр.2026 19:22:36.660] [main/INFO] [net.neoforged.fml.loading.moddiscovery.ModDiscoverer/SCAN]: Found mod file "main" [locator: userdev mods and services, reader: mod manifest]
[19апр.2026 19:22:36.673] [main/DEBUG] [net.neoforged.fml.loading.moddiscovery.readers.JarModsDotTomlModFileReader/SCAN]: Found META-INF/neoforge.mods.toml mod of type null: C:\Users\RootTool\Documents\GitHub\Clones\Sophisticated-Backpacks-Etched-Integration\.gradle\repositories\ng_dummy_ng\net\neoforged\neoforge\21.1.227\neoforge-21.1.227.jar
[19апр.2026 19:22:36.673] [main/DEBUG] [net.neoforged.fml.loading.moddiscovery.ModFileParser/LOADING]: Considering mod file candidate C:\Users\RootTool\Documents\GitHub\Clones\Sophisticated-Backpacks-Etched-Integration\.gradle\repositories\ng_dummy_ng\net\neoforged\neoforge\21.1.227\neoforge-21.1.227.jar
[19апр.2026 19:22:36.674] [main/DEBUG] [net.neoforged.fml.loading.moddiscovery.ModFileInfo/LOADING]: Found valid mod file neoforge-21.1.227.jar with {neoforge} mods - versions {21.1.227}
[19апр.2026 19:22:36.675] [main/INFO] [net.neoforged.fml.loading.moddiscovery.ModDiscoverer/SCAN]: Found mod file "neoforge-21.1.227.jar" [locator: userdev mods and services, reader: mod manifest]
[19апр.2026 19:22:36.678] [main/DEBUG] [net.neoforged.fml.loading.moddiscovery.readers.JarModsDotTomlModFileReader/SCAN]: Found META-INF/neoforge.mods.toml mod of type null: C:\Users\RootTool\.gradle\caches\modules-2\files-2.1\curse.maven\sophisticated-backpacks-422301\7102675\daa30bd4d3e5aa8562f34e8f701711b90980c71e\sophisticated-backpacks-422301-7102675.jar
[19апр.2026 19:22:36.678] [main/DEBUG] [net.neoforged.fml.loading.moddiscovery.ModFileParser/LOADING]: Considering mod file candidate C:\Users\RootTool\.gradle\caches\modules-2\files-2.1\curse.maven\sophisticated-backpacks-422301\7102675\daa30bd4d3e5aa8562f34e8f701711b90980c71e\sophisticated-backpacks-422301-7102675.jar
[19апр.2026 19:22:36.681] [main/DEBUG] [net.neoforged.fml.loading.moddiscovery.ModFileInfo/LOADING]: Found valid mod file sophisticated-backpacks-422301-7102675.jar with {sophisticatedbackpacks} mods - versions {3.25.9}
[19апр.2026 19:22:36.682] [main/INFO] [net.neoforged.fml.loading.moddiscovery.ModDiscoverer/SCAN]: Found mod file "sophisticated-backpacks-422301-7102675.jar" [locator: userdev mods and services, reader: mod manifest]
[19апр.2026 19:22:36.685] [main/DEBUG] [net.neoforged.fml.loading.moddiscovery.readers.JarModsDotTomlModFileReader/SCAN]: Found META-INF/neoforge.mods.toml mod of type null: C:\Users\RootTool\.gradle\caches\modules-2\files-2.1\curse.maven\sophisticated-core-618298\7757835\eba6668d1a05ffd50cf8f360941639da055b83c8\sophisticated-core-618298-7757835.jar
[19апр.2026 19:22:36.685] [main/DEBUG] [net.neoforged.fml.loading.moddiscovery.ModFileParser/LOADING]: Considering mod file candidate C:\Users\RootTool\.gradle\caches\modules-2\files-2.1\curse.maven\sophisticated-core-618298\7757835\eba6668d1a05ffd50cf8f360941639da055b83c8\sophisticated-core-618298-7757835.jar
[19апр.2026 19:22:36.688] [main/DEBUG] [net.neoforged.fml.loading.moddiscovery.ModFileInfo/LOADING]: Found valid mod file sophisticated-core-618298-7757835.jar with {sophisticatedcore} mods - versions {1.4.9}
[19апр.2026 19:22:36.688] [main/INFO] [net.neoforged.fml.loading.moddiscovery.ModDiscoverer/SCAN]: Found mod file "sophisticated-core-618298-7757835.jar" [locator: userdev mods and services, reader: mod manifest]
[19апр.2026 19:22:36.692] [main/DEBUG] [net.neoforged.fml.loading.moddiscovery.readers.JarModsDotTomlModFileReader/SCAN]: Found META-INF/neoforge.mods.toml mod of type null: C:\Users\RootTool\.gradle\caches\modules-2\files-2.1\curse.maven\etched-491890\7088631\1ed97c62a878a68ec68b6f2575d127f8ccb7f81c\etched-491890-7088631.jar
[19апр.2026 19:22:36.692] [main/DEBUG] [net.neoforged.fml.loading.moddiscovery.ModFileParser/LOADING]: Considering mod file candidate C:\Users\RootTool\.gradle\caches\modules-2\files-2.1\curse.maven\etched-491890\7088631\1ed97c62a878a68ec68b6f2575d127f8ccb7f81c\etched-491890-7088631.jar
[19апр.2026 19:22:36.694] [main/DEBUG] [net.neoforged.fml.loading.moddiscovery.ModFileInfo/LOADING]: Found valid mod file etched-491890-7088631.jar with {etched} mods - versions {5.0.0}
[19апр.2026 19:22:36.694] [main/INFO] [net.neoforged.fml.loading.moddiscovery.ModDiscoverer/SCAN]: Found mod file "etched-491890-7088631.jar" [locator: userdev mods and services, reader: mod manifest]
[19апр.2026 19:22:36.704] [pool-2-thread-1/INFO] [EARLYDISPLAY/]: GL info: NVIDIA GeForce RTX 3050/PCIe/SSE2 GL version 4.6.0 NVIDIA 572.42, NVIDIA Corporation
[19апр.2026 19:22:36.718] [main/DEBUG] [net.neoforged.fml.loading.moddiscovery.ModDiscoverer/]: Skipping C:\Users\RootTool\.gradle\caches\modules-2\files-2.1\com.github.oshi\oshi-core\6.4.10\b1d8ab82d11d92fd639b56d639f8f46f739dd5fa\oshi-core-6.4.10.jar because it was already located earlier
[19апр.2026 19:22:36.719] [main/DEBUG] [net.neoforged.fml.loading.moddiscovery.ModDiscoverer/]: Skipping C:\Users\RootTool\.gradle\caches\modules-2\files-2.1\com.mojang\authlib\6.0.54\de8bc95660e1b2fe8793fd427a7a10dcec5b3ea7\authlib-6.0.54.jar because it was already located earlier
[19апр.2026 19:22:36.719] [main/DEBUG] [net.neoforged.fml.loading.moddiscovery.ModDiscoverer/]: Skipping C:\Users\RootTool\.gradle\caches\modules-2\files-2.1\com.mojang\datafixerupper\8.0.16\67d4de6d7f95d89bcf5862995fb854ebaec02a34\datafixerupper-8.0.16.jar because it was already located earlier
[19апр.2026 19:22:36.719] [main/DEBUG] [net.neoforged.fml.loading.moddiscovery.ModDiscoverer/]: Skipping C:\Users\RootTool\.gradle\caches\modules-2\files-2.1\net.neoforged.fancymodloader\earlydisplay\4.0.42\46555dbfff14e9e052f1f693aed14d542a74e111\earlydisplay-4.0.42.jar because it was already located earlier
[19апр.2026 19:22:36.720] [main/DEBUG] [net.neoforged.fml.loading.moddiscovery.ModDiscoverer/]: Skipping C:\Users\RootTool\.gradle\caches\modules-2\files-2.1\net.neoforged.fancymodloader\loader\4.0.42\76e15f98bf676fb44b36c5e776f52a55581ec43a\loader-4.0.42.jar because it was already located earlier
[19апр.2026 19:22:36.720] [main/DEBUG] [net.neoforged.fml.loading.moddiscovery.ModDiscoverer/]: Skipping C:\Users\RootTool\.gradle\caches\modules-2\files-2.1\net.neoforged\JarJarSelector\0.4.1\fb3cc7a58af22ad2880adb98af6d518128c47dae\JarJarSelector-0.4.1.jar because it was already located earlier
[19апр.2026 19:22:36.720] [main/DEBUG] [net.neoforged.fml.loading.moddiscovery.ModDiscoverer/]: Skipping C:\Users\RootTool\.gradle\caches\modules-2\files-2.1\net.neoforged\JarJarMetadata\0.4.1\f8da03683dc81694556dc3e177c5e3bb77ae6fcb\JarJarMetadata-0.4.1.jar because it was already located earlier
[19апр.2026 19:22:36.720] [main/DEBUG] [net.neoforged.fml.loading.moddiscovery.ModDiscoverer/]: Skipping C:\Users\RootTool\.gradle\caches\modules-2\files-2.1\net.fabricmc\sponge-mixin\0.15.2+mixin.0.8.7\2af2f021d8e02a0220dc27a7a72b4666d66d44ca\sponge-mixin-0.15.2+mixin.0.8.7.jar because it was already located earlier
[19апр.2026 19:22:36.720] [main/DEBUG] [net.neoforged.fml.loading.moddiscovery.ModDiscoverer/]: Skipping C:\Users\RootTool\.gradle\caches\modules-2\files-2.1\com.google.code.gson\gson\2.10.1\b3add478d4382b78ea20b1671390a858002feb6c\gson-2.10.1.jar because it was already located earlier
[19апр.2026 19:22:36.720] [main/DEBUG] [net.neoforged.fml.loading.moddiscovery.ModDiscoverer/]: Skipping C:\Users\RootTool\.gradle\caches\modules-2\files-2.1\com.mojang\patchy\2.2.10\da05971b07cbb379d002cf7eaec6a2048211fefc\patchy-2.2.10.jar because it was already located earlier
[19апр.2026 19:22:36.720] [main/DEBUG] [net.neoforged.fml.loading.moddiscovery.ModDiscoverer/]: Skipping C:\Users\RootTool\.gradle\caches\modules-2\files-2.1\com.mojang\text2speech\1.17.9\3cad216e3a7f0c19b4b394388bc9ffc446f13b14\text2speech-1.17.9.jar because it was already located earlier
[19апр.2026 19:22:36.720] [main/DEBUG] [net.neoforged.fml.loading.moddiscovery.ModDiscoverer/]: Skipping C:\Users\RootTool\.gradle\caches\modules-2\files-2.1\com.google.guava\guava\32.1.2-jre\5e64ec7e056456bef3a4bc4c6fdaef71e8ab6318\guava-32.1.2-jre.jar because it was already located earlier
[19апр.2026 19:22:36.720] [main/DEBUG] [net.neoforged.fml.loading.moddiscovery.ModDiscoverer/]: Skipping C:\Users\RootTool\.gradle\caches\modules-2\files-2.1\com.google.guava\failureaccess\1.0.1\1dcf1de382a0bf95a3d8b0849546c88bac1292c9\failureaccess-1.0.1.jar because it was already located earlier
[19апр.2026 19:22:36.720] [main/DEBUG] [net.neoforged.fml.loading.moddiscovery.ModDiscoverer/]: Skipping C:\Users\RootTool\.gradle\caches\modules-2\files-2.1\com.ibm.icu\icu4j\73.2\61ad4ef7f9131fcf6d25c34b817f90d6da06c9e9\icu4j-73.2.jar because it was already located earlier
[19апр.2026 19:22:36.720] [main/DEBUG] [net.neoforged.fml.loading.moddiscovery.ModDiscoverer/]: Skipping C:\Users\RootTool\.gradle\caches\modules-2\files-2.1\com.mojang\blocklist\1.0.10\5c685c5ffa94c4cd39496c7184c1d122e515ecef\blocklist-1.0.10.jar because it was already located earlier
[19апр.2026 19:22:36.720] [main/DEBUG] [net.neoforged.fml.loading.moddiscovery.ModDiscoverer/]: Skipping C:\Users\RootTool\.gradle\caches\modules-2\files-2.1\com.mojang\brigadier\1.3.10\d15b53a14cf20fdcaa98f731af5dda654452c010\brigadier-1.3.10.jar because it was already located earlier
[19апр.2026 19:22:36.721] [main/DEBUG] [net.neoforged.fml.loading.moddiscovery.ModDiscoverer/]: Skipping C:\Users\RootTool\.gradle\caches\modules-2\files-2.1\com.mojang\logging\1.2.7\24cb95ffb0e3433fd6e844c04e68009e504ca1c0\logging-1.2.7.jar because it was already located earlier
[19апр.2026 19:22:36.721] [main/DEBUG] [net.neoforged.fml.loading.moddiscovery.ModDiscoverer/]: Skipping C:\Users\RootTool\.gradle\caches\modules-2\files-2.1\org.apache.httpcomponents\httpclient\4.5.13\e5f6cae5ca7ecaac1ec2827a9e2d65ae2869cada\httpclient-4.5.13.jar because it was already located earlier
[19апр.2026 19:22:36.721] [main/DEBUG] [net.neoforged.fml.loading.moddiscovery.ModDiscoverer/]: Skipping C:\Users\RootTool\.gradle\caches\modules-2\files-2.1\commons-codec\commons-codec\1.16.0\4e3eb3d79888d76b54e28b350915b5dc3919c9de\commons-codec-1.16.0.jar because it was already located earlier
[19апр.2026 19:22:36.721] [main/DEBUG] [net.neoforged.fml.loading.moddiscovery.ModDiscoverer/]: Skipping C:\Users\RootTool\.gradle\caches\modules-2\files-2.1\org.apache.commons\commons-compress\1.26.0\659feffdd12280201c8aacb8f7be94f9a883c824\commons-compress-1.26.0.jar because it was already located earlier
[19апр.2026 19:22:36.721] [main/DEBUG] [net.neoforged.fml.loading.moddiscovery.ModDiscoverer/]: Skipping C:\Users\RootTool\.gradle\caches\modules-2\files-2.1\commons-io\commons-io\2.15.1\f11560da189ab563a5c8e351941415430e9304ea\commons-io-2.15.1.jar because it was already located earlier
[19апр.2026 19:22:36.721] [main/DEBUG] [net.neoforged.fml.loading.moddiscovery.ModDiscoverer/]: Skipping C:\Users\RootTool\.gradle\caches\modules-2\files-2.1\commons-logging\commons-logging\1.2\4bfc12adfe4842bf07b657f0369c4cb522955686\commons-logging-1.2.jar because it was already located earlier
[19апр.2026 19:22:36.721] [main/DEBUG] [net.neoforged.fml.loading.moddiscovery.ModDiscoverer/]: Skipping C:\Users\RootTool\.gradle\caches\modules-2\files-2.1\io.netty\netty-handler\4.1.97.Final\abb86c6906bf512bf2b797a41cd7d2e8d3cd7c36\netty-handler-4.1.97.Final.jar because it was already located earlier
[19апр.2026 19:22:36.721] [main/DEBUG] [net.neoforged.fml.loading.moddiscovery.ModDiscoverer/]: Skipping C:\Users\RootTool\.gradle\caches\modules-2\files-2.1\io.netty\netty-codec\4.1.97.Final\384ba4d75670befbedb45c4d3b497a93639c206d\netty-codec-4.1.97.Final.jar because it was already located earlier
[19апр.2026 19:22:36.721] [main/DEBUG] [net.neoforged.fml.loading.moddiscovery.ModDiscoverer/]: Skipping C:\Users\RootTool\.gradle\caches\modules-2\files-2.1\io.netty\netty-transport-classes-epoll\4.1.97.Final\795da37ded759e862457a82d9d92c4d39ce8ecee\netty-transport-classes-epoll-4.1.97.Final.jar because it was already located earlier
[19апр.2026 19:22:36.721] [main/DEBUG] [net.neoforged.fml.loading.moddiscovery.ModDiscoverer/]: Skipping C:\Users\RootTool\.gradle\caches\modules-2\files-2.1\io.netty\netty-transport-native-unix-common\4.1.97.Final\d469d84265ab70095b01b40886cabdd433b6e664\netty-transport-native-unix-common-4.1.97.Final.jar because it was already located earlier
[19апр.2026 19:22:36.721] [main/DEBUG] [net.neoforged.fml.loading.moddiscovery.ModDiscoverer/]: Skipping C:\Users\RootTool\.gradle\caches\modules-2\files-2.1\io.netty\netty-transport\4.1.97.Final\f37380d23c9bb079bc702910833b2fd532c9abd0\netty-transport-4.1.97.Final.jar because it was already located earlier
[19апр.2026 19:22:36.721] [main/DEBUG] [net.neoforged.fml.loading.moddiscovery.ModDiscoverer/]: Skipping C:\Users\RootTool\.gradle\caches\modules-2\files-2.1\io.netty\netty-buffer\4.1.97.Final\f8f3d8644afa5e6e1a40a3a6aeb9d9aa970ecb4f\netty-buffer-4.1.97.Final.jar because it was already located earlier
[19апр.2026 19:22:36.721] [main/DEBUG] [net.neoforged.fml.loading.moddiscovery.ModDiscoverer/]: Skipping C:\Users\RootTool\.gradle\caches\modules-2\files-2.1\io.netty\netty-resolver\4.1.97.Final\cec8348108dc76c47cf87c669d514be52c922144\netty-resolver-4.1.97.Final.jar because it was already located earlier
[19апр.2026 19:22:36.721] [main/DEBUG] [net.neoforged.fml.loading.moddiscovery.ModDiscoverer/]: Skipping C:\Users\RootTool\.gradle\caches\modules-2\files-2.1\io.netty\netty-common\4.1.97.Final\7cceacaf11df8dc63f23d0fb58e9d4640fc88404\netty-common-4.1.97.Final.jar because it was already located earlier
[19апр.2026 19:22:36.721] [main/DEBUG] [net.neoforged.fml.loading.moddiscovery.ModDiscoverer/]: Skipping C:\Users\RootTool\.gradle\caches\modules-2\files-2.1\it.unimi.dsi\fastutil\8.5.12\c24946d46824bd528054bface3231d2ecb7e95e8\fastutil-8.5.12.jar because it was already located earlier
[19апр.2026 19:22:36.721] [main/DEBUG] [net.neoforged.fml.loading.moddiscovery.ModDiscoverer/]: Skipping C:\Users\RootTool\.gradle\caches\modules-2\files-2.1\net.java.dev.jna\jna-platform\5.14.0\28934d48aed814f11e4c584da55c49fa7032b31b\jna-platform-5.14.0.jar because it was already located earlier
[19апр.2026 19:22:36.721] [main/DEBUG] [net.neoforged.fml.loading.moddiscovery.ModDiscoverer/]: Skipping C:\Users\RootTool\.gradle\caches\modules-2\files-2.1\ca.weblite\java-objc-bridge\1.1\1227f9e0666314f9de41477e3ec277e542ed7f7b\java-objc-bridge-1.1.jar because it was already located earlier
[19апр.2026 19:22:36.721] [main/DEBUG] [net.neoforged.fml.loading.moddiscovery.ModDiscoverer/]: Skipping C:\Users\RootTool\.gradle\caches\modules-2\files-2.1\net.java.dev.jna\jna\5.14.0\67bf3eaea4f0718cb376a181a629e5f88fa1c9dd\jna-5.14.0.jar because it was already located earlier
[19апр.2026 19:22:36.722] [main/DEBUG] [net.neoforged.fml.loading.moddiscovery.ModDiscoverer/]: Skipping C:\Users\RootTool\.gradle\caches\modules-2\files-2.1\net.neoforged\mergetool\2.0.3\1275202cbbb248f49345cf6787ce299afd9a02fb\mergetool-2.0.3-api.jar because it was already located earlier
[19апр.2026 19:22:36.722] [main/DEBUG] [net.neoforged.fml.loading.moddiscovery.ModDiscoverer/]: Skipping C:\Users\RootTool\.gradle\caches\modules-2\files-2.1\net.neoforged.accesstransformers\at-modlauncher\10.0.1\5aba50202aceead086bc09fbc2751c9f05cb4890\at-modlauncher-10.0.1.jar because it was already located earlier
[19апр.2026 19:22:36.722] [main/DEBUG] [net.neoforged.fml.loading.moddiscovery.ModDiscoverer/]: Skipping C:\Users\RootTool\.gradle\caches\modules-2\files-2.1\net.neoforged\coremods\7.0.3\9147e6f638b4272b3bd5fc8f92ad37802512c6c\coremods-7.0.3.jar because it was already located earlier
[19апр.2026 19:22:36.722] [main/DEBUG] [net.neoforged.fml.loading.moddiscovery.ModDiscoverer/]: Skipping C:\Users\RootTool\.gradle\caches\modules-2\files-2.1\cpw.mods\modlauncher\11.0.5\b8f0d49294f733fdb6173931b263553e943dc950\modlauncher-11.0.5.jar because it was already located earlier
[19апр.2026 19:22:36.722] [main/DEBUG] [net.neoforged.fml.loading.moddiscovery.ModDiscoverer/]: Skipping C:\Users\RootTool\.gradle\caches\modules-2\files-2.1\net.sf.jopt-simple\jopt-simple\5.0.4\4fdac2fbe92dfad86aa6e9301736f6b4342a3f5c\jopt-simple-5.0.4.jar because it was already located earlier
[19апр.2026 19:22:36.722] [main/DEBUG] [net.neoforged.fml.loading.moddiscovery.ModDiscoverer/]: Skipping C:\Users\RootTool\.gradle\caches\modules-2\files-2.1\org.apache.maven\maven-artifact\3.8.5\4433f50c07debefaed0553bd0068f4f48d449313\maven-artifact-3.8.5.jar because it was already located earlier
[19апр.2026 19:22:36.722] [main/DEBUG] [net.neoforged.fml.loading.moddiscovery.ModDiscoverer/]: Skipping C:\Users\RootTool\.gradle\caches\modules-2\files-2.1\org.apache.commons\commons-lang3\3.14.0\1ed471194b02f2c6cb734a0cd6f6f107c673afae\commons-lang3-3.14.0.jar because it was already located earlier
[19апр.2026 19:22:36.722] [main/DEBUG] [net.neoforged.fml.loading.moddiscovery.ModDiscoverer/]: Skipping C:\Users\RootTool\.gradle\caches\modules-2\files-2.1\org.apache.httpcomponents\httpcore\4.4.16\51cf043c87253c9f58b539c9f7e44c8894223850\httpcore-4.4.16.jar because it was already located earlier
[19апр.2026 19:22:36.722] [main/DEBUG] [net.neoforged.fml.loading.moddiscovery.ModDiscoverer/]: Skipping C:\Users\RootTool\.gradle\caches\modules-2\files-2.1\org.apache.logging.log4j\log4j-slf4j2-impl\2.22.1\d7e6693c2606cb7e7335047d7bb96dec52db5665\log4j-slf4j2-impl-2.22.1.jar because it was already located earlier
[19апр.2026 19:22:36.722] [main/DEBUG] [net.neoforged.fml.loading.moddiscovery.ModDiscoverer/]: Skipping C:\Users\RootTool\.gradle\caches\modules-2\files-2.1\net.minecrell\terminalconsoleappender\1.3.0\b562e9bb61235c9520e26282cdee71f8f802d1fc\terminalconsoleappender-1.3.0.jar because it was already located earlier
[19апр.2026 19:22:36.722] [main/DEBUG] [net.neoforged.fml.loading.moddiscovery.ModDiscoverer/]: Skipping C:\Users\RootTool\.gradle\caches\modules-2\files-2.1\org.apache.logging.log4j\log4j-core\2.22.1\7183a25510a02ad00cc6a95d3b3d2a7d3c5a8dc4\log4j-core-2.22.1.jar because it was already located earlier
[19апр.2026 19:22:36.723] [main/DEBUG] [net.neoforged.fml.loading.moddiscovery.ModDiscoverer/]: Skipping C:\Users\RootTool\.gradle\caches\modules-2\files-2.1\net.neoforged\bus\8.0.5\5b2d33285ab5d1554e9798ad98c40d6ea3868bd5\bus-8.0.5.jar because it was already located earlier
[19апр.2026 19:22:36.723] [main/DEBUG] [net.neoforged.fml.loading.moddiscovery.ModDiscoverer/]: Skipping C:\Users\RootTool\.gradle\caches\modules-2\files-2.1\org.apache.logging.log4j\log4j-api\2.22.1\bea6fede6328fabafd7e68363161a7ea6605abd1\log4j-api-2.22.1.jar because it was already located earlier
[19апр.2026 19:22:36.723] [main/DEBUG] [net.neoforged.fml.loading.moddiscovery.ModDiscoverer/]: Skipping C:\Users\RootTool\.gradle\caches\modules-2\files-2.1\org.jcraft\jorbis\0.0.17\8872d22b293e8f5d7d56ff92be966e6dc28ebdc6\jorbis-0.0.17.jar because it was already located earlier
[19апр.2026 19:22:36.723] [main/DEBUG] [net.neoforged.fml.loading.moddiscovery.ModDiscoverer/]: Skipping C:\Users\RootTool\.gradle\caches\modules-2\files-2.1\org.joml\joml\1.10.5\22566d58af70ad3d72308bab63b8339906deb649\joml-1.10.5.jar because it was already located earlier
[19апр.2026 19:22:36.723] [main/DEBUG] [net.neoforged.fml.loading.moddiscovery.ModDiscoverer/]: Skipping C:\Users\RootTool\.gradle\caches\modules-2\files-2.1\org.lwjgl\lwjgl-freetype\3.3.3\a0db6c84a8becc8ca05f9dbfa985edc348a824c7\lwjgl-freetype-3.3.3.jar because it was already located earlier
[19апр.2026 19:22:36.732] [main/DEBUG] [net.neoforged.fml.loading.moddiscovery.ModDiscoverer/]: Skipping C:\Users\RootTool\.gradle\caches\modules-2\files-2.1\org.lwjgl\lwjgl-freetype\3.3.3\15a8c1de7f51d07a92eae7ce1222557073a0c0c3\lwjgl-freetype-3.3.3-natives-windows-x86.jar because it was already located earlier
[19апр.2026 19:22:36.732] [main/DEBUG] [net.neoforged.fml.loading.moddiscovery.ModDiscoverer/]: Skipping C:\Users\RootTool\.gradle\caches\modules-2\files-2.1\org.lwjgl\lwjgl-glfw\3.3.3\efa1eb78c5ccd840e9f329717109b5e892d72f8e\lwjgl-glfw-3.3.3.jar because it was already located earlier
[19апр.2026 19:22:36.738] [main/DEBUG] [net.neoforged.fml.loading.moddiscovery.ModDiscoverer/]: Skipping C:\Users\RootTool\.gradle\caches\modules-2\files-2.1\org.lwjgl\lwjgl-glfw\3.3.3\32334f3fd5270a59bad9939a93115acb6de36dcf\lwjgl-glfw-3.3.3-natives-windows-x86.jar because it was already located earlier
[19апр.2026 19:22:36.738] [main/DEBUG] [net.neoforged.fml.loading.moddiscovery.ModDiscoverer/]: Skipping C:\Users\RootTool\.gradle\caches\modules-2\files-2.1\org.lwjgl\lwjgl-jemalloc\3.3.3\b543467b7ff3c6920539a88ee602d34098628be5\lwjgl-jemalloc-3.3.3.jar because it was already located earlier
[19апр.2026 19:22:36.738] [main/DEBUG] [net.neoforged.fml.loading.moddiscovery.ModDiscoverer/]: Skipping C:\Users\RootTool\.gradle\caches\modules-2\files-2.1\org.lwjgl\lwjgl-jemalloc\3.3.3\426222fc027602a5f21b9c0fe79cde6a4c7a011f\lwjgl-jemalloc-3.3.3-natives-windows.jar because it was already located earlier
[19апр.2026 19:22:36.748] [main/DEBUG] [net.neoforged.fml.loading.moddiscovery.ModDiscoverer/]: Skipping C:\Users\RootTool\.gradle\caches\modules-2\files-2.1\org.lwjgl\lwjgl-openal\3.3.3\daada81ceb5fc0c291fbfdd4433cb8d9423577f2\lwjgl-openal-3.3.3.jar because it was already located earlier
[19апр.2026 19:22:36.755] [main/DEBUG] [net.neoforged.fml.loading.moddiscovery.ModDiscoverer/]: Skipping C:\Users\RootTool\.gradle\caches\modules-2\files-2.1\org.lwjgl\lwjgl-openal\3.3.3\87b8d5050e3adb46bb58fe1cb2669a4a48fce10d\lwjgl-openal-3.3.3-natives-windows-x86.jar because it was already located earlier
[19апр.2026 19:22:36.755] [main/DEBUG] [net.neoforged.fml.loading.moddiscovery.ModDiscoverer/]: Skipping C:\Users\RootTool\.gradle\caches\modules-2\files-2.1\org.lwjgl\lwjgl-opengl\3.3.3\2f6b0147078396a58979125a4c947664e98293a\lwjgl-opengl-3.3.3.jar because it was already located earlier
[19апр.2026 19:22:36.761] [main/DEBUG] [net.neoforged.fml.loading.moddiscovery.ModDiscoverer/]: Skipping C:\Users\RootTool\.gradle\caches\modules-2\files-2.1\org.lwjgl\lwjgl-opengl\3.3.3\65e956d3735a1abdc82eff4baec1b61174697d4b\lwjgl-opengl-3.3.3-natives-windows-arm64.jar because it was already located earlier
[19апр.2026 19:22:36.764] [main/DEBUG] [net.neoforged.fml.loading.moddiscovery.ModDiscoverer/]: Skipping C:\Users\RootTool\.gradle\caches\modules-2\files-2.1\org.lwjgl\lwjgl-stb\3.3.3\25dd6161988d7e65f71d5065c99902402ee32746\lwjgl-stb-3.3.3.jar because it was already located earlier
[19апр.2026 19:22:36.764] [main/DEBUG] [net.neoforged.fml.loading.moddiscovery.ModDiscoverer/]: Skipping C:\Users\RootTool\.gradle\caches\modules-2\files-2.1\org.lwjgl\lwjgl-stb\3.3.3\1d9facdf6541de114b0f963be33505b7679c78cb\lwjgl-stb-3.3.3-natives-windows.jar because it was already located earlier
[19апр.2026 19:22:36.769] [main/DEBUG] [net.neoforged.fml.loading.moddiscovery.ModDiscoverer/]: Skipping C:\Users\RootTool\.gradle\caches\modules-2\files-2.1\org.lwjgl\lwjgl-tinyfd\3.3.3\82d755ca94b102e9ca77283b9e2dc46d1b15fbe5\lwjgl-tinyfd-3.3.3.jar because it was already located earlier
[19апр.2026 19:22:36.770] [main/DEBUG] [net.neoforged.fml.loading.moddiscovery.ModDiscoverer/]: Skipping C:\Users\RootTool\.gradle\caches\modules-2\files-2.1\org.lwjgl\lwjgl-tinyfd\3.3.3\a6697981b0449a5087c1d546fc08b4f73e8f98c9\lwjgl-tinyfd-3.3.3-natives-windows.jar because it was already located earlier
[19апр.2026 19:22:36.776] [main/DEBUG] [net.neoforged.fml.loading.moddiscovery.ModDiscoverer/]: Skipping C:\Users\RootTool\.gradle\caches\modules-2\files-2.1\org.lwjgl\lwjgl\3.3.3\29589b5f87ed335a6c7e7ee6a5775f81f97ecb84\lwjgl-3.3.3.jar because it was already located earlier
[19апр.2026 19:22:36.783] [main/DEBUG] [net.neoforged.fml.loading.moddiscovery.ModDiscoverer/]: Skipping C:\Users\RootTool\.gradle\caches\modules-2\files-2.1\org.lwjgl\lwjgl\3.3.3\9e670718e050aeaeea0c2d5b907cffb142f2e58f\lwjgl-3.3.3-natives-windows-x86.jar because it was already located earlier
[19апр.2026 19:22:36.784] [main/DEBUG] [net.neoforged.fml.loading.moddiscovery.ModDiscoverer/]: Skipping C:\Users\RootTool\.gradle\caches\modules-2\files-2.1\org.lz4\lz4-java\1.8.0\4b986a99445e49ea5fbf5d149c4b63f6ed6c6780\lz4-java-1.8.0.jar because it was already located earlier
[19апр.2026 19:22:36.784] [main/DEBUG] [net.neoforged.fml.loading.moddiscovery.ModDiscoverer/]: Skipping C:\Users\RootTool\.gradle\caches\modules-2\files-2.1\net.neoforged\accesstransformers\10.0.1\fd83b5725f76eae9115e9355fa1c456a6a441400\accesstransformers-10.0.1.jar because it was already located earlier
[19апр.2026 19:22:36.784] [main/DEBUG] [net.neoforged.fml.loading.moddiscovery.ModDiscoverer/]: Skipping C:\Users\RootTool\.gradle\caches\modules-2\files-2.1\com.machinezoo.noexception\noexception\1.7.1\b65330c98e38a1f915fa54a6e5eca496505e3f0a\noexception-1.7.1.jar because it was already located earlier
[19апр.2026 19:22:36.784] [main/DEBUG] [net.neoforged.fml.loading.moddiscovery.ModDiscoverer/]: Skipping C:\Users\RootTool\.gradle\caches\modules-2\files-2.1\org.slf4j\slf4j-api\2.0.9\7cf2726fdcfbc8610f9a71fb3ed639871f315340\slf4j-api-2.0.9.jar because it was already located earlier
[19апр.2026 19:22:36.784] [main/DEBUG] [net.neoforged.fml.loading.moddiscovery.ModDiscoverer/]: Skipping C:\Users\RootTool\.gradle\caches\modules-2\files-2.1\com.google.code.findbugs\jsr305\3.0.2\25ea2e8b0c338a877313bd4672d3fe056ea78f0d\jsr305-3.0.2.jar because it was already located earlier
[19апр.2026 19:22:36.784] [main/DEBUG] [net.neoforged.fml.loading.moddiscovery.ModDiscoverer/]: Skipping C:\Users\RootTool\.gradle\caches\modules-2\files-2.1\org.jetbrains\annotations\24.1.0\7af6a669488450c4a07c2c3254e2151df42d7d04\annotations-24.1.0.jar because it was already located earlier
[19апр.2026 19:22:36.784] [main/DEBUG] [net.neoforged.fml.loading.moddiscovery.ModDiscoverer/]: Skipping C:\Users\RootTool\.gradle\caches\modules-2\files-2.1\com.electronwill.night-config\toml\3.8.3\90b2fd6efcb4a7d5b9810cf78f9d824994d717f2\toml-3.8.3.jar because it was already located earlier
[19апр.2026 19:22:36.784] [main/DEBUG] [net.neoforged.fml.loading.moddiscovery.ModDiscoverer/]: Skipping C:\Users\RootTool\.gradle\caches\modules-2\files-2.1\com.electronwill.night-config\core\3.8.3\b442a95f09e349927f5a945ecb594455870fcf4f\core-3.8.3.jar because it was already located earlier
[19апр.2026 19:22:36.784] [main/DEBUG] [net.neoforged.fml.loading.moddiscovery.ModDiscoverer/]: Skipping C:\Users\RootTool\.gradle\caches\modules-2\files-2.1\net.jodah\typetools\0.6.3\a01aaa6ddaea9ec07ec4f209487b7a46a526283a\typetools-0.6.3.jar because it was already located earlier
[19апр.2026 19:22:36.784] [main/DEBUG] [net.neoforged.fml.loading.moddiscovery.ModDiscoverer/]: Skipping C:\Users\RootTool\.gradle\caches\modules-2\files-2.1\org.openjdk.nashorn\nashorn-core\15.4\f67f5ffaa5f5130cf6fb9b133da00c7df3b532a5\nashorn-core-15.4.jar because it was already located earlier
[19апр.2026 19:22:36.787] [main/DEBUG] [net.neoforged.fml.loading.moddiscovery.readers.JarModsDotTomlModFileReader/SCAN]: Found META-INF/MANIFEST.MF mod of type GAMELIBRARY: C:\Users\RootTool\.gradle\caches\modules-2\files-2.1\io.github.llamalad7\mixinextras-neoforge\0.5.3\a0919957808de97707c5fb4ce073e66aeef3e187\mixinextras-neoforge-0.5.3.jar
[19апр.2026 19:22:36.791] [main/INFO] [net.neoforged.fml.loading.moddiscovery.ModDiscoverer/SCAN]: Found gamelibrary file "mixinextras-neoforge-0.5.3.jar" [locator: userdev mods and services, reader: mod manifest]
[19апр.2026 19:22:36.792] [main/DEBUG] [net.neoforged.fml.loading.moddiscovery.ModDiscoverer/]: Skipping C:\Users\RootTool\.gradle\caches\modules-2\files-2.1\org.antlr\antlr4-runtime\4.13.1\17125bae1d965624e265ef49552f6465a2bfa307\antlr4-runtime-4.13.1.jar because it was already located earlier
[19апр.2026 19:22:36.792] [main/DEBUG] [net.neoforged.fml.loading.moddiscovery.ModDiscoverer/]: Skipping C:\Users\RootTool\.gradle\caches\modules-2\files-2.1\org.jline\jline-reader\3.20.0\8f15415b022a25b473e8e16c28ae913186ffb9c4\jline-reader-3.20.0.jar because it was already located earlier
[19апр.2026 19:22:36.792] [main/DEBUG] [net.neoforged.fml.loading.moddiscovery.ModDiscoverer/]: Skipping C:\Users\RootTool\.gradle\caches\modules-2\files-2.1\org.jline\jline-terminal\3.20.0\d0ddcc708ddf527a3454c941b7b9225cc83a15ff\jline-terminal-3.20.0.jar because it was already located earlier
[19апр.2026 19:22:36.792] [main/DEBUG] [net.neoforged.fml.loading.moddiscovery.ModDiscoverer/]: Skipping C:\Users\RootTool\.gradle\caches\modules-2\files-2.1\net.minecraftforge\srgutils\0.4.15\ca408b131759478f164e010fae0d73997e125fb5\srgutils-0.4.15.jar because it was already located earlier
[19апр.2026 19:22:36.793] [main/DEBUG] [net.neoforged.fml.loading.moddiscovery.ModDiscoverer/]: Skipping C:\Users\RootTool\.gradle\caches\modules-2\files-2.1\com.google.guava\listenablefuture\9999.0-empty-to-avoid-conflict-with-guava\b421526c5f297295adef1c886e5246c39d4ac629\listenablefuture-9999.0-empty-to-avoid-conflict-with-guava.jar because it was already located earlier
[19апр.2026 19:22:36.793] [main/DEBUG] [net.neoforged.fml.loading.moddiscovery.ModDiscoverer/]: Skipping C:\Users\RootTool\.gradle\caches\modules-2\files-2.1\org.checkerframework\checker-qual\3.33.0\de2b60b62da487644fc11f734e73c8b0b431238f\checker-qual-3.33.0.jar because it was already located earlier
[19апр.2026 19:22:36.793] [main/DEBUG] [net.neoforged.fml.loading.moddiscovery.ModDiscoverer/]: Skipping C:\Users\RootTool\.gradle\caches\modules-2\files-2.1\com.google.errorprone\error_prone_annotations\2.18.0\89b684257096f548fa39a7df9fdaa409d4d4df91\error_prone_annotations-2.18.0.jar because it was already located earlier
[19апр.2026 19:22:36.793] [main/DEBUG] [net.neoforged.fml.loading.moddiscovery.ModDiscoverer/]: Skipping C:\Users\RootTool\.gradle\caches\modules-2\files-2.1\com.google.j2objc\j2objc-annotations\2.8\c85270e307e7b822f1086b93689124b89768e273\j2objc-annotations-2.8.jar because it was already located earlier
[19апр.2026 19:22:36.793] [main/DEBUG] [net.neoforged.fml.loading.moddiscovery.ModDiscoverer/]: Skipping C:\Users\RootTool\.gradle\caches\modules-2\files-2.1\org.codehaus.plexus\plexus-utils\3.3.0\cf43b5391de623b36fe066a21127baef82c64022\plexus-utils-3.3.0.jar because it was already located earlier
[19апр.2026 19:22:36.793] [main/DEBUG] [net.neoforged.fml.loading.moddiscovery.ModDiscoverer/]: Skipping C:\Users\RootTool\Documents\GitHub\Clones\Sophisticated-Backpacks-Etched-Integration\.gradle\repositories\ng_dummy_ng\net\minecraft\client\1.21.1\client-1.21.1-client-extra.jar because it was already located earlier
[19апр.2026 19:22:36.793] [main/DEBUG] [net.neoforged.fml.loading.moddiscovery.ModDiscoverer/SCAN]: Locator userdev mods and services found 6 mods, 0 warnings, 0 errors and skipped 85 candidates
[19апр.2026 19:22:36.797] [main/DEBUG] [net.neoforged.fml.loading.UniqueModListBuilder/]: Found 2 mods for first modid neoforge, selecting most recent based on version data
[19апр.2026 19:22:36.798] [main/DEBUG] [net.neoforged.fml.loading.UniqueModListBuilder/]: Selected file neoforge-21.1.227.jar for modid neoforge with version 21.1.227
[19апр.2026 19:22:36.802] [main/DEBUG] [net.neoforged.fml.loading.moddiscovery.ModDiscoverer/SCAN]: Successfully Loaded 7 mods. Attempting to load dependencies...
[19апр.2026 19:22:36.803] [main/DEBUG] [net.neoforged.fml.loading.moddiscovery.ModDiscoverer/SCAN]: Trying locator jarinjar
[19апр.2026 19:22:36.808] [main/TRACE] [net.neoforged.fml.loading.moddiscovery.locators.JarInJarDependencyLocator/]: Failed to load resource META-INF\jarjar\metadata.json from main, it does not contain dependency information.
[19апр.2026 19:22:36.808] [main/TRACE] [net.neoforged.fml.loading.moddiscovery.locators.JarInJarDependencyLocator/]: Failed to load resource META-INF\jarjar\metadata.json from neoforge-21.1.227.jar, it does not contain dependency information.
[19апр.2026 19:22:36.809] [main/TRACE] [net.neoforged.fml.loading.moddiscovery.locators.JarInJarDependencyLocator/]: Failed to load resource META-INF\jarjar\metadata.json from mixinextras-neoforge-0.5.3.jar, it does not contain dependency information.
[19апр.2026 19:22:36.809] [main/TRACE] [net.neoforged.fml.loading.moddiscovery.locators.JarInJarDependencyLocator/]: Failed to load resource META-INF\jarjar\metadata.json from sophisticated-core-618298-7757835.jar, it does not contain dependency information.
[19апр.2026 19:22:36.809] [main/TRACE] [net.neoforged.fml.loading.moddiscovery.locators.JarInJarDependencyLocator/]: Failed to load resource META-INF\jarjar\metadata.json from sophisticated-backpacks-422301-7102675.jar, it does not contain dependency information.
[19апр.2026 19:22:36.907] [main/DEBUG] [net.neoforged.fml.loading.moddiscovery.readers.JarModsDotTomlModFileReader/SCAN]: Found META-INF/MANIFEST.MF mod of type GAMELIBRARY: 
[19апр.2026 19:22:36.908] [main/DEBUG] [net.neoforged.fml.loading.moddiscovery.readers.JarModsDotTomlModFileReader/SCAN]: Found META-INF/MANIFEST.MF mod of type LIBRARY: 
[19апр.2026 19:22:36.909] [main/TRACE] [net.neoforged.fml.loading.moddiscovery.locators.JarInJarDependencyLocator/]: Failed to load resource META-INF\jarjar\metadata.json from jlayer-1.0.3.jar, it does not contain dependency information.
[19апр.2026 19:22:36.909] [main/TRACE] [net.neoforged.fml.loading.moddiscovery.locators.JarInJarDependencyLocator/]: Failed to load resource META-INF\jarjar\metadata.json from mixinextras-neoforge-0.5.3.jar, it does not contain dependency information.
[19апр.2026 19:22:36.909] [main/TRACE] [net.neoforged.fml.loading.moddiscovery.locators.JarInJarDependencyLocator/]: Failed to load resource META-INF\jarjar\metadata.json from net.neoforged.neoforge-coremods-21.1.227.jar, it does not contain dependency information.
[19апр.2026 19:22:36.954] [main/DEBUG] [net.neoforged.fml.loading.moddiscovery.readers.JarModsDotTomlModFileReader/SCAN]: Found META-INF/MANIFEST.MF mod of type GAMELIBRARY: 
[19апр.2026 19:22:36.958] [main/DEBUG] [net.neoforged.fml.loading.moddiscovery.readers.JarModsDotTomlModFileReader/SCAN]: Found META-INF/MANIFEST.MF mod of type LIBRARY: 
[19апр.2026 19:22:36.964] [main/WARN] [net.neoforged.jarjar.selection.JarSelector/]: Attempted to select a dependency jar for JarJar which was passed in as source: library:mixinextras.neoforge. Using Mod File: C:\Users\RootTool\.gradle\caches\modules-2\files-2.1\io.github.llamalad7\mixinextras-neoforge\0.5.3\a0919957808de97707c5fb4ce073e66aeef3e187\mixinextras-neoforge-0.5.3.jar
[19апр.2026 19:22:36.964] [main/INFO] [net.neoforged.fml.loading.moddiscovery.locators.JarInJarDependencyLocator/]: Found 2 dependencies adding them to mods collection
[19апр.2026 19:22:36.965] [main/INFO] [net.neoforged.fml.loading.moddiscovery.ModDiscoverer/SCAN]: Found library file "jlayer-1.0.3.jar" [parent: etched-491890-7088631.jar, locator: jarinjar]
[19апр.2026 19:22:36.965] [main/INFO] [net.neoforged.fml.loading.moddiscovery.ModDiscoverer/SCAN]: Found library file "net.neoforged.neoforge-coremods-21.1.227.jar" [parent: neoforge-21.1.227.jar, locator: jarinjar, reader: mod manifest]
[19апр.2026 19:22:36.967] [main/INFO] [net.neoforged.fml.loading.moddiscovery.ModDiscoverer/]: 
     Mod List:
		Name Version (Mod Id)

		Etched 5.0.0 (etched)
		Minecraft 1.21.1 (minecraft)
		NeoForge 21.1.227 (neoforge)
		Sophisticated Backpacks 3.25.9 (sophisticatedbackpacks)
		Sophisticated Backpacks Etched Integration 1.0.0 (sophisticatedbackpacksetchedintegration)
		Sophisticated Core 1.4.9 (sophisticatedcore)
[19апр.2026 19:22:36.969] [main/DEBUG] [net.neoforged.fml.loading.moddiscovery.ModFileInfo/LOADING]: Found valid mod file neoforge-21.1.227.jar with {minecraft} mods - versions {1.21.1}
[19апр.2026 19:22:36.993] [main/DEBUG] [net.neoforged.fml.loading.moddiscovery.ModFile/LOADING]: Loading mod file C:\Users\RootTool\Documents\GitHub\Clones\Sophisticated-Backpacks-Etched-Integration\.gradle\repositories\ng_dummy_ng\net\neoforged\neoforge\21.1.227\neoforge-21.1.227.jar with languages [LanguageSpec[languageName=minecraft, acceptedVersions=1]]
[19апр.2026 19:22:36.997] [main/DEBUG] [net.neoforged.fml.loading.moddiscovery.ModFileParser/LOADING]: Considering mod file candidate C:\Users\RootTool\Documents\GitHub\Clones\Sophisticated-Backpacks-Etched-Integration\build\resources\main
[19апр.2026 19:22:37.002] [main/DEBUG] [net.neoforged.fml.loading.moddiscovery.ModFileInfo/LOADING]: Found valid mod file main with {sophisticatedbackpacksetchedintegration} mods - versions {1.0.0}
[19апр.2026 19:22:37.003] [main/DEBUG] [net.neoforged.fml.loading.moddiscovery.ModFile/LOADING]: Loading mod file C:\Users\RootTool\Documents\GitHub\Clones\Sophisticated-Backpacks-Etched-Integration\build\resources\main with languages [LanguageSpec[languageName=javafml, acceptedVersions=[1,)]]
[19апр.2026 19:22:37.003] [main/DEBUG] [net.neoforged.fml.loading.moddiscovery.ModFileParser/LOADING]: Considering mod file candidate C:\Users\RootTool\.gradle\caches\modules-2\files-2.1\curse.maven\sophisticated-backpacks-422301\7102675\daa30bd4d3e5aa8562f34e8f701711b90980c71e\sophisticated-backpacks-422301-7102675.jar
[19апр.2026 19:22:37.005] [main/DEBUG] [net.neoforged.fml.loading.moddiscovery.ModFileInfo/LOADING]: Found valid mod file sophisticated-backpacks-422301-7102675.jar with {sophisticatedbackpacks} mods - versions {3.25.9}
[19апр.2026 19:22:37.005] [main/DEBUG] [net.neoforged.fml.loading.moddiscovery.ModFile/LOADING]: Loading mod file C:\Users\RootTool\.gradle\caches\modules-2\files-2.1\curse.maven\sophisticated-backpacks-422301\7102675\daa30bd4d3e5aa8562f34e8f701711b90980c71e\sophisticated-backpacks-422301-7102675.jar with languages [LanguageSpec[languageName=javafml, acceptedVersions=[4,)]]
[19апр.2026 19:22:37.008] [main/DEBUG] [net.neoforged.fml.loading.moddiscovery.ModFileParser/LOADING]: Considering mod file candidate C:\Users\RootTool\.gradle\caches\modules-2\files-2.1\curse.maven\sophisticated-core-618298\7757835\eba6668d1a05ffd50cf8f360941639da055b83c8\sophisticated-core-618298-7757835.jar
[19апр.2026 19:22:37.010] [main/DEBUG] [net.neoforged.fml.loading.moddiscovery.ModFileInfo/LOADING]: Found valid mod file sophisticated-core-618298-7757835.jar with {sophisticatedcore} mods - versions {1.4.9}
[19апр.2026 19:22:37.010] [main/DEBUG] [net.neoforged.fml.loading.moddiscovery.ModFile/LOADING]: Loading mod file C:\Users\RootTool\.gradle\caches\modules-2\files-2.1\curse.maven\sophisticated-core-618298\7757835\eba6668d1a05ffd50cf8f360941639da055b83c8\sophisticated-core-618298-7757835.jar with languages [LanguageSpec[languageName=javafml, acceptedVersions=[4,)]]
[19апр.2026 19:22:37.012] [main/DEBUG] [net.neoforged.fml.loading.moddiscovery.ModFile/LOADING]: Found mixin config MixinConfig[config=sophisticatedcore.mixins.json, requiredMods=[]]
[19апр.2026 19:22:37.012] [main/DEBUG] [net.neoforged.fml.loading.moddiscovery.ModFileParser/LOADING]: Considering mod file candidate C:\Users\RootTool\.gradle\caches\modules-2\files-2.1\curse.maven\etched-491890\7088631\1ed97c62a878a68ec68b6f2575d127f8ccb7f81c\etched-491890-7088631.jar
[19апр.2026 19:22:37.013] [main/DEBUG] [net.neoforged.fml.loading.moddiscovery.ModFileInfo/LOADING]: Found valid mod file etched-491890-7088631.jar with {etched} mods - versions {5.0.0}
[19апр.2026 19:22:37.013] [main/DEBUG] [net.neoforged.fml.loading.moddiscovery.ModFile/LOADING]: Loading mod file C:\Users\RootTool\.gradle\caches\modules-2\files-2.1\curse.maven\etched-491890\7088631\1ed97c62a878a68ec68b6f2575d127f8ccb7f81c\etched-491890-7088631.jar with languages [LanguageSpec[languageName=javafml, acceptedVersions=[4,)]]
[19апр.2026 19:22:37.014] [main/DEBUG] [net.neoforged.fml.loading.moddiscovery.ModFile/LOADING]: Found mixin config MixinConfig[config=etched.mixins.json, requiredMods=[]]
[19апр.2026 19:22:37.014] [main/DEBUG] [net.neoforged.fml.loading.moddiscovery.ModFileParser/LOADING]: Considering mod file candidate C:\Users\RootTool\Documents\GitHub\Clones\Sophisticated-Backpacks-Etched-Integration\.gradle\repositories\ng_dummy_ng\net\neoforged\neoforge\21.1.227\neoforge-21.1.227.jar
[19апр.2026 19:22:37.014] [main/DEBUG] [net.neoforged.fml.loading.moddiscovery.ModFileInfo/LOADING]: Found valid mod file neoforge-21.1.227.jar with {neoforge} mods - versions {21.1.227}
[19апр.2026 19:22:37.014] [main/DEBUG] [net.neoforged.fml.loading.moddiscovery.ModFile/LOADING]: Loading mod file C:\Users\RootTool\Documents\GitHub\Clones\Sophisticated-Backpacks-Etched-Integration\.gradle\repositories\ng_dummy_ng\net\neoforged\neoforge\21.1.227\neoforge-21.1.227.jar with languages [LanguageSpec[languageName=javafml, acceptedVersions=[3,]]]
[19апр.2026 19:22:37.014] [main/DEBUG] [net.neoforged.fml.loading.moddiscovery.ModFile/LOADING]: Found mixin config MixinConfig[config=neoforge.mixins.json, requiredMods=[]]
[19апр.2026 19:22:37.014] [main/DEBUG] [net.neoforged.fml.loading.moddiscovery.ModFile/LOADING]: Loading mod file C:\Users\RootTool\.gradle\caches\modules-2\files-2.1\io.github.llamalad7\mixinextras-neoforge\0.5.3\a0919957808de97707c5fb4ce073e66aeef3e187\mixinextras-neoforge-0.5.3.jar with languages []
[19апр.2026 19:22:37.015] [main/DEBUG] [net.neoforged.fml.loading.moddiscovery.ModValidator/SCAN]: Found 7 mod files with 6 mods
[19апр.2026 19:22:37.016] [main/DEBUG] [cpw.mods.modlauncher.TransformationServiceDecorator/MODLAUNCHER]: End scan trigger - transformation service fml
[19апр.2026 19:22:37.033] [main/DEBUG] [net.neoforged.fml.util.ServiceLoaderUtil/CORE]: Found 3 implementations of IModLanguageLoader:
[19апр.2026 19:22:37.034] [main/DEBUG] [net.neoforged.fml.util.ServiceLoaderUtil/CORE]: 	net.neoforged.fml.javafmlmod.FMLJavaModLanguageProvider from loader-4.0.42.jar
[19апр.2026 19:22:37.034] [main/DEBUG] [net.neoforged.fml.util.ServiceLoaderUtil/CORE]: 	net.neoforged.fml.lowcodemod.LowCodeModLanguageProvider from loader-4.0.42.jar
[19апр.2026 19:22:37.034] [main/DEBUG] [net.neoforged.fml.util.ServiceLoaderUtil/CORE]: 	net.neoforged.fml.mclanguageprovider.MinecraftModLanguageProvider from loader-4.0.42.jar
[19апр.2026 19:22:37.034] [main/DEBUG] [net.neoforged.fml.loading.LanguageProviderLoader/CORE]: Found language provider javafml, version 4.0.42
[19апр.2026 19:22:37.035] [main/DEBUG] [net.neoforged.fml.loading.LanguageProviderLoader/CORE]: Found language provider lowcodefml, version 4.0.42
[19апр.2026 19:22:37.035] [main/DEBUG] [net.neoforged.fml.loading.LanguageProviderLoader/CORE]: Found language provider minecraft, version 4.0.42
[19апр.2026 19:22:37.040] [main/DEBUG] [net.neoforged.fml.loading.ModSorter/]: Configured system mods: [minecraft, neoforge]
[19апр.2026 19:22:37.040] [main/DEBUG] [net.neoforged.fml.loading.ModSorter/]: Found system mod: minecraft
[19апр.2026 19:22:37.040] [main/DEBUG] [net.neoforged.fml.loading.ModSorter/]: Found system mod: neoforge
[19апр.2026 19:22:37.042] [main/DEBUG] [net.neoforged.fml.loading.ModSorter/LOADING]: Found 9 mod requirements (9 mandatory, 0 optional)
[19апр.2026 19:22:37.043] [main/DEBUG] [net.neoforged.fml.loading.ModSorter/LOADING]: Found 0 mod requirements missing (0 mandatory, 0 optional)
[19апр.2026 19:22:37.059] [main/DEBUG] [net.neoforged.fml.loading.FMLLoader/SCAN]: Adding Access Transformer in C:\Users\RootTool\.gradle\caches\modules-2\files-2.1\curse.maven\sophisticated-core-618298\7757835\eba6668d1a05ffd50cf8f360941639da055b83c8\sophisticated-core-618298-7757835.jar
[19апр.2026 19:22:37.063] [main/DEBUG] [AXFORM/AXFORM]: Loading access transformer accesstransformer.cfg
[19апр.2026 19:22:37.133] [main/DEBUG] [AXFORM/AXFORM]: Loaded access transformer accesstransformer.cfg
[19апр.2026 19:22:37.134] [main/DEBUG] [net.neoforged.fml.loading.FMLLoader/SCAN]: Adding Access Transformer in C:\Users\RootTool\.gradle\caches\modules-2\files-2.1\curse.maven\sophisticated-backpacks-422301\7102675\daa30bd4d3e5aa8562f34e8f701711b90980c71e\sophisticated-backpacks-422301-7102675.jar
[19апр.2026 19:22:37.134] [main/DEBUG] [AXFORM/AXFORM]: Loading access transformer accesstransformer.cfg
[19апр.2026 19:22:37.137] [main/DEBUG] [AXFORM/AXFORM]: Loaded access transformer accesstransformer.cfg
[19апр.2026 19:22:37.137] [main/DEBUG] [net.neoforged.fml.loading.FMLLoader/SCAN]: Adding Access Transformer in C:\Users\RootTool\.gradle\caches\modules-2\files-2.1\curse.maven\etched-491890\7088631\1ed97c62a878a68ec68b6f2575d127f8ccb7f81c\etched-491890-7088631.jar
[19апр.2026 19:22:37.138] [main/DEBUG] [AXFORM/AXFORM]: Loading access transformer accesstransformer.cfg
[19апр.2026 19:22:37.139] [main/DEBUG] [AXFORM/AXFORM]: Loaded access transformer accesstransformer.cfg
[19апр.2026 19:22:37.139] [main/DEBUG] [net.neoforged.fml.loading.FMLLoader/SCAN]: Adding Access Transformer in C:\Users\RootTool\Documents\GitHub\Clones\Sophisticated-Backpacks-Etched-Integration\.gradle\repositories\ng_dummy_ng\net\neoforged\neoforge\21.1.227\neoforge-21.1.227.jar
[19апр.2026 19:22:37.141] [main/DEBUG] [AXFORM/AXFORM]: Loading access transformer accesstransformer.cfg
[19апр.2026 19:22:37.172] [main/DEBUG] [AXFORM/AXFORM]: Loaded access transformer accesstransformer.cfg
[19апр.2026 19:22:37.174] [main/DEBUG] [mixin/]: Adding mixin platform agents for container net.neoforged.fml.loading.mixin.FMLMixinContainerHandle@3daa82be
[19апр.2026 19:22:37.175] [main/DEBUG] [mixin/]: Instancing new MixinPlatformAgentMinecraftForge for net.neoforged.fml.loading.mixin.FMLMixinContainerHandle@3daa82be
[19апр.2026 19:22:37.175] [main/DEBUG] [mixin/]: MixinPlatformAgentMinecraftForge rejected container net.neoforged.fml.loading.mixin.FMLMixinContainerHandle@3daa82be
[19апр.2026 19:22:37.175] [main/DEBUG] [mixin/]: Instancing new MixinPlatformAgentDefault for net.neoforged.fml.loading.mixin.FMLMixinContainerHandle@3daa82be
[19апр.2026 19:22:37.175] [main/DEBUG] [mixin/]: MixinPlatformAgentDefault accepted container net.neoforged.fml.loading.mixin.FMLMixinContainerHandle@3daa82be
[19апр.2026 19:22:37.175] [main/DEBUG] [mixin/]: Instancing new FMLMixinPlatformAgent for net.neoforged.fml.loading.mixin.FMLMixinContainerHandle@3daa82be
[19апр.2026 19:22:37.175] [main/DEBUG] [mixin/]: FMLMixinPlatformAgent accepted container net.neoforged.fml.loading.mixin.FMLMixinContainerHandle@3daa82be
[19апр.2026 19:22:37.182] [main/DEBUG] [cpw.mods.modlauncher.TransformationServicesHandler/MODLAUNCHER]: Transformation services loading transformers
[19апр.2026 19:22:37.183] [main/DEBUG] [cpw.mods.modlauncher.TransformationServiceDecorator/MODLAUNCHER]: Initializing transformers for transformation service mixin
[19апр.2026 19:22:37.184] [main/DEBUG] [cpw.mods.modlauncher.TransformationServiceDecorator/MODLAUNCHER]: Initialized transformers for transformation service mixin
[19апр.2026 19:22:37.184] [main/DEBUG] [cpw.mods.modlauncher.TransformationServiceDecorator/MODLAUNCHER]: Initializing transformers for transformation service fml
[19апр.2026 19:22:37.184] [main/DEBUG] [net.neoforged.fml.loading.FMLServiceProvider/LOADING]: Loading coremod transformers
[19апр.2026 19:22:37.185] [main/DEBUG] [net.neoforged.fml.loading.FMLServiceProvider/CORE]: Not loading coremod script-engine since no mod requested it
[19апр.2026 19:22:37.186] [main/DEBUG] [net.neoforged.fml.util.ServiceLoaderUtil/CORE]: Found 1 implementations of ICoreMod:
[19апр.2026 19:22:37.187] [main/DEBUG] [net.neoforged.fml.util.ServiceLoaderUtil/CORE]: 	net.neoforged.neoforge.coremods.NeoForgeCoreMod from neoforge-21.1.227.jar > net.neoforged.neoforge-coremods-21.1.227.jar
[19апр.2026 19:22:37.196] [main/DEBUG] [net.neoforged.fml.loading.FMLServiceProvider/CORE]: Adding [Target[className=net.minecraft.world.level.biome.Biome, elementName=, elementDescriptor=, targetType=cpw.mods.modlauncher.api.TargetType@5a9d6f02]] transformer from core-mod net.neoforged.neoforge.coremods.NeoForgeCoreMod@6f7e336b in neoforge-21.1.227.jar > net.neoforged.neoforge-coremods-21.1.227.jar
[19апр.2026 19:22:37.197] [main/DEBUG] [net.neoforged.fml.loading.FMLServiceProvider/CORE]: Adding [Target[className=net.minecraft.world.level.levelgen.structure.Structure, elementName=, elementDescriptor=, targetType=cpw.mods.modlauncher.api.TargetType@5a9d6f02]] transformer from core-mod net.neoforged.neoforge.coremods.NeoForgeCoreMod@6f7e336b in neoforge-21.1.227.jar > net.neoforged.neoforge-coremods-21.1.227.jar
[19апр.2026 19:22:37.197] [main/DEBUG] [net.neoforged.fml.loading.FMLServiceProvider/CORE]: Adding [Target[className=net.minecraft.world.level.block.FlowerPotBlock, elementName=, elementDescriptor=, targetType=cpw.mods.modlauncher.api.TargetType@5a9d6f02]] transformer from core-mod net.neoforged.neoforge.coremods.NeoForgeCoreMod@6f7e336b in neoforge-21.1.227.jar > net.neoforged.neoforge-coremods-21.1.227.jar
[19апр.2026 19:22:37.197] [main/DEBUG] [net.neoforged.fml.loading.FMLServiceProvider/CORE]: Adding [Target[className=net/minecraft/server/commands/RaidCommand, elementName=, elementDescriptor=, targetType=cpw.mods.modlauncher.api.TargetType@5a9d6f02], Target[className=net/minecraft/world/level/levelgen/PatrolSpawner, elementName=, elementDescriptor=, targetType=cpw.mods.modlauncher.api.TargetType@5a9d6f02], Target[className=net/minecraft/world/entity/monster/ZombieVillager, elementName=, elementDescriptor=, targetType=cpw.mods.modlauncher.api.TargetType@5a9d6f02], Target[className=net/minecraft/world/level/levelgen/structure/structures/SwampHutPiece, elementName=, elementDescriptor=, targetType=cpw.mods.modlauncher.api.TargetType@5a9d6f02], Target[className=net/minecraft/world/entity/animal/frog/Tadpole, elementName=, elementDescriptor=, targetType=cpw.mods.modlauncher.api.TargetType@5a9d6f02], Target[className=net/minecraft/world/level/levelgen/structure/structures/OceanMonumentPieces$OceanMonumentPiece, elementName=, elementDescriptor=, targetType=cpw.mods.modlauncher.api.TargetType@5a9d6f02], Target[className=net/minecraft/world/level/levelgen/PhantomSpawner, elementName=, elementDescriptor=, targetType=cpw.mods.modlauncher.api.TargetType@5a9d6f02], Target[className=net/minecraft/world/entity/npc/Villager, elementName=, elementDescriptor=, targetType=cpw.mods.modlauncher.api.TargetType@5a9d6f02], Target[className=net/minecraft/world/entity/monster/Spider, elementName=, elementDescriptor=, targetType=cpw.mods.modlauncher.api.TargetType@5a9d6f02], Target[className=net/minecraft/world/entity/raid/Raid, elementName=, elementDescriptor=, targetType=cpw.mods.modlauncher.api.TargetType@5a9d6f02], Target[className=net/minecraft/world/entity/monster/Zombie, elementName=, elementDescriptor=, targetType=cpw.mods.modlauncher.api.TargetType@5a9d6f02], Target[className=net/minecraft/world/level/levelgen/structure/structures/OceanRuinPieces$OceanRuinPiece, elementName=, elementDescriptor=, targetType=cpw.mods.modlauncher.api.TargetType@5a9d6f02], Target[className=net/minecraft/world/entity/ai/village/VillageSiege, elementName=, elementDescriptor=, targetType=cpw.mods.modlauncher.api.TargetType@5a9d6f02], Target[className=net/minecraft/world/level/NaturalSpawner, elementName=, elementDescriptor=, targetType=cpw.mods.modlauncher.api.TargetType@5a9d6f02], Target[className=net/minecraft/world/level/levelgen/structure/templatesystem/StructureTemplate, elementName=, elementDescriptor=, targetType=cpw.mods.modlauncher.api.TargetType@5a9d6f02], Target[className=net/minecraft/world/level/levelgen/structure/structures/WoodlandMansionPieces$WoodlandMansionPiece, elementName=, elementDescriptor=, targetType=cpw.mods.modlauncher.api.TargetType@5a9d6f02], Target[className=net/minecraft/server/commands/SummonCommand, elementName=, elementDescriptor=, targetType=cpw.mods.modlauncher.api.TargetType@5a9d6f02], Target[className=net/minecraft/world/entity/monster/Evoker$EvokerSummonSpellGoal, elementName=, elementDescriptor=, targetType=cpw.mods.modlauncher.api.TargetType@5a9d6f02], Target[className=net/minecraft/world/entity/monster/Strider, elementName=, elementDescriptor=, targetType=cpw.mods.modlauncher.api.TargetType@5a9d6f02], Target[className=net/minecraft/world/entity/npc/CatSpawner, elementName=, elementDescriptor=, targetType=cpw.mods.modlauncher.api.TargetType@5a9d6f02], Target[className=net/minecraft/world/entity/EntityType, elementName=, elementDescriptor=, targetType=cpw.mods.modlauncher.api.TargetType@5a9d6f02], Target[className=net/minecraft/world/entity/animal/horse/SkeletonTrapGoal, elementName=, elementDescriptor=, targetType=cpw.mods.modlauncher.api.TargetType@5a9d6f02]] transformer from core-mod net.neoforged.neoforge.coremods.NeoForgeCoreMod@6f7e336b in neoforge-21.1.227.jar > net.neoforged.neoforge-coremods-21.1.227.jar
[19апр.2026 19:22:37.201] [main/DEBUG] [cpw.mods.modlauncher.TransformStore/MODLAUNCHER]: Adding transformer net.neoforged.neoforge.coremods.ReplaceFieldWithGetterAccess@6a9b0a6f to Target : cpw.mods.modlauncher.api.TargetType@5a9d6f02 {Lnet/minecraft/world/level/biome/Biome;} {} {V}
[19апр.2026 19:22:37.203] [main/DEBUG] [cpw.mods.modlauncher.TransformStore/MODLAUNCHER]: Adding transformer net.neoforged.neoforge.coremods.ReplaceFieldWithGetterAccess@2c6ee758 to Target : cpw.mods.modlauncher.api.TargetType@5a9d6f02 {Lnet/minecraft/world/level/levelgen/structure/Structure;} {} {V}
[19апр.2026 19:22:37.203] [main/DEBUG] [cpw.mods.modlauncher.TransformStore/MODLAUNCHER]: Adding transformer net.neoforged.neoforge.coremods.ReplaceFieldWithGetterAccess@640dc4c6 to Target : cpw.mods.modlauncher.api.TargetType@5a9d6f02 {Lnet/minecraft/world/level/block/FlowerPotBlock;} {} {V}
[19апр.2026 19:22:37.203] [main/DEBUG] [cpw.mods.modlauncher.TransformStore/MODLAUNCHER]: Adding transformer net.neoforged.neoforge.coremods.MethodRedirector@4b54af3d to Target : cpw.mods.modlauncher.api.TargetType@5a9d6f02 {Lnet/minecraft/server/commands/RaidCommand;} {} {V}
[19апр.2026 19:22:37.203] [main/DEBUG] [cpw.mods.modlauncher.TransformStore/MODLAUNCHER]: Adding transformer net.neoforged.neoforge.coremods.MethodRedirector@4b54af3d to Target : cpw.mods.modlauncher.api.TargetType@5a9d6f02 {Lnet/minecraft/world/level/levelgen/PatrolSpawner;} {} {V}
[19апр.2026 19:22:37.203] [main/DEBUG] [cpw.mods.modlauncher.TransformStore/MODLAUNCHER]: Adding transformer net.neoforged.neoforge.coremods.MethodRedirector@4b54af3d to Target : cpw.mods.modlauncher.api.TargetType@5a9d6f02 {Lnet/minecraft/world/entity/monster/ZombieVillager;} {} {V}
[19апр.2026 19:22:37.204] [main/DEBUG] [cpw.mods.modlauncher.TransformStore/MODLAUNCHER]: Adding transformer net.neoforged.neoforge.coremods.MethodRedirector@4b54af3d to Target : cpw.mods.modlauncher.api.TargetType@5a9d6f02 {Lnet/minecraft/world/level/levelgen/structure/structures/SwampHutPiece;} {} {V}
[19апр.2026 19:22:37.204] [main/DEBUG] [cpw.mods.modlauncher.TransformStore/MODLAUNCHER]: Adding transformer net.neoforged.neoforge.coremods.MethodRedirector@4b54af3d to Target : cpw.mods.modlauncher.api.TargetType@5a9d6f02 {Lnet/minecraft/world/entity/animal/frog/Tadpole;} {} {V}
[19апр.2026 19:22:37.204] [main/DEBUG] [cpw.mods.modlauncher.TransformStore/MODLAUNCHER]: Adding transformer net.neoforged.neoforge.coremods.MethodRedirector@4b54af3d to Target : cpw.mods.modlauncher.api.TargetType@5a9d6f02 {Lnet/minecraft/world/level/levelgen/structure/structures/OceanMonumentPieces$OceanMonumentPiece;} {} {V}
[19апр.2026 19:22:37.204] [main/DEBUG] [cpw.mods.modlauncher.TransformStore/MODLAUNCHER]: Adding transformer net.neoforged.neoforge.coremods.MethodRedirector@4b54af3d to Target : cpw.mods.modlauncher.api.TargetType@5a9d6f02 {Lnet/minecraft/world/level/levelgen/PhantomSpawner;} {} {V}
[19апр.2026 19:22:37.204] [main/DEBUG] [cpw.mods.modlauncher.TransformStore/MODLAUNCHER]: Adding transformer net.neoforged.neoforge.coremods.MethodRedirector@4b54af3d to Target : cpw.mods.modlauncher.api.TargetType@5a9d6f02 {Lnet/minecraft/world/entity/npc/Villager;} {} {V}
[19апр.2026 19:22:37.204] [main/DEBUG] [cpw.mods.modlauncher.TransformStore/MODLAUNCHER]: Adding transformer net.neoforged.neoforge.coremods.MethodRedirector@4b54af3d to Target : cpw.mods.modlauncher.api.TargetType@5a9d6f02 {Lnet/minecraft/world/entity/monster/Spider;} {} {V}
[19апр.2026 19:22:37.204] [main/DEBUG] [cpw.mods.modlauncher.TransformStore/MODLAUNCHER]: Adding transformer net.neoforged.neoforge.coremods.MethodRedirector@4b54af3d to Target : cpw.mods.modlauncher.api.TargetType@5a9d6f02 {Lnet/minecraft/world/entity/raid/Raid;} {} {V}
[19апр.2026 19:22:37.204] [main/DEBUG] [cpw.mods.modlauncher.TransformStore/MODLAUNCHER]: Adding transformer net.neoforged.neoforge.coremods.MethodRedirector@4b54af3d to Target : cpw.mods.modlauncher.api.TargetType@5a9d6f02 {Lnet/minecraft/world/entity/monster/Zombie;} {} {V}
[19апр.2026 19:22:37.204] [main/DEBUG] [cpw.mods.modlauncher.TransformStore/MODLAUNCHER]: Adding transformer net.neoforged.neoforge.coremods.MethodRedirector@4b54af3d to Target : cpw.mods.modlauncher.api.TargetType@5a9d6f02 {Lnet/minecraft/world/level/levelgen/structure/structures/OceanRuinPieces$OceanRuinPiece;} {} {V}
[19апр.2026 19:22:37.204] [main/DEBUG] [cpw.mods.modlauncher.TransformStore/MODLAUNCHER]: Adding transformer net.neoforged.neoforge.coremods.MethodRedirector@4b54af3d to Target : cpw.mods.modlauncher.api.TargetType@5a9d6f02 {Lnet/minecraft/world/entity/ai/village/VillageSiege;} {} {V}
[19апр.2026 19:22:37.204] [main/DEBUG] [cpw.mods.modlauncher.TransformStore/MODLAUNCHER]: Adding transformer net.neoforged.neoforge.coremods.MethodRedirector@4b54af3d to Target : cpw.mods.modlauncher.api.TargetType@5a9d6f02 {Lnet/minecraft/world/level/NaturalSpawner;} {} {V}
[19апр.2026 19:22:37.205] [main/DEBUG] [cpw.mods.modlauncher.TransformStore/MODLAUNCHER]: Adding transformer net.neoforged.neoforge.coremods.MethodRedirector@4b54af3d to Target : cpw.mods.modlauncher.api.TargetType@5a9d6f02 {Lnet/minecraft/world/level/levelgen/structure/templatesystem/StructureTemplate;} {} {V}
[19апр.2026 19:22:37.205] [main/DEBUG] [cpw.mods.modlauncher.TransformStore/MODLAUNCHER]: Adding transformer net.neoforged.neoforge.coremods.MethodRedirector@4b54af3d to Target : cpw.mods.modlauncher.api.TargetType@5a9d6f02 {Lnet/minecraft/world/level/levelgen/structure/structures/WoodlandMansionPieces$WoodlandMansionPiece;} {} {V}
[19апр.2026 19:22:37.205] [main/DEBUG] [cpw.mods.modlauncher.TransformStore/MODLAUNCHER]: Adding transformer net.neoforged.neoforge.coremods.MethodRedirector@4b54af3d to Target : cpw.mods.modlauncher.api.TargetType@5a9d6f02 {Lnet/minecraft/server/commands/SummonCommand;} {} {V}
[19апр.2026 19:22:37.205] [main/DEBUG] [cpw.mods.modlauncher.TransformStore/MODLAUNCHER]: Adding transformer net.neoforged.neoforge.coremods.MethodRedirector@4b54af3d to Target : cpw.mods.modlauncher.api.TargetType@5a9d6f02 {Lnet/minecraft/world/entity/monster/Evoker$EvokerSummonSpellGoal;} {} {V}
[19апр.2026 19:22:37.205] [main/DEBUG] [cpw.mods.modlauncher.TransformStore/MODLAUNCHER]: Adding transformer net.neoforged.neoforge.coremods.MethodRedirector@4b54af3d to Target : cpw.mods.modlauncher.api.TargetType@5a9d6f02 {Lnet/minecraft/world/entity/monster/Strider;} {} {V}
[19апр.2026 19:22:37.205] [main/DEBUG] [cpw.mods.modlauncher.TransformStore/MODLAUNCHER]: Adding transformer net.neoforged.neoforge.coremods.MethodRedirector@4b54af3d to Target : cpw.mods.modlauncher.api.TargetType@5a9d6f02 {Lnet/minecraft/world/entity/npc/CatSpawner;} {} {V}
[19апр.2026 19:22:37.205] [main/DEBUG] [cpw.mods.modlauncher.TransformStore/MODLAUNCHER]: Adding transformer net.neoforged.neoforge.coremods.MethodRedirector@4b54af3d to Target : cpw.mods.modlauncher.api.TargetType@5a9d6f02 {Lnet/minecraft/world/entity/EntityType;} {} {V}
[19апр.2026 19:22:37.206] [main/DEBUG] [cpw.mods.modlauncher.TransformStore/MODLAUNCHER]: Adding transformer net.neoforged.neoforge.coremods.MethodRedirector@4b54af3d to Target : cpw.mods.modlauncher.api.TargetType@5a9d6f02 {Lnet/minecraft/world/entity/animal/horse/SkeletonTrapGoal;} {} {V}
[19апр.2026 19:22:37.206] [main/DEBUG] [cpw.mods.modlauncher.TransformationServiceDecorator/MODLAUNCHER]: Initialized transformers for transformation service fml
[19апр.2026 19:22:37.654] [main/DEBUG] [mixin/]: Processing prepare() for PlatformAgent[MixinPlatformAgentDefault:ModLauncher Root Container(ModLauncher:4f56a0a2)]
[19апр.2026 19:22:37.654] [main/DEBUG] [mixin/]: Processing prepare() for PlatformAgent[MixinPlatformAgentDefault:net.neoforged.fml.loading.mixin.FMLMixinContainerHandle@3daa82be]
[19апр.2026 19:22:37.654] [main/DEBUG] [mixin/]: Processing prepare() for PlatformAgent[FMLMixinPlatformAgent:null]
[19апр.2026 19:22:37.687] [main/DEBUG] [mixin/]: Compatibility level JAVA_17 specified by sophisticatedcore.mixins.json is higher than the maximum level supported by this version of mixin (JAVA_13).
[19апр.2026 19:22:37.692] [main/INFO] [mixin/]: Compatibility level set to JAVA_17
[19апр.2026 19:22:37.694] [main/DEBUG] [mixin/]: Compatibility level JAVA_21 specified by etched.mixins.json is higher than the maximum level supported by this version of mixin (JAVA_13).
[19апр.2026 19:22:37.694] [main/INFO] [mixin/]: Compatibility level set to JAVA_21
[19апр.2026 19:22:37.696] [main/DEBUG] [mixin/]: Processing launch tasks for PlatformAgent[MixinPlatformAgentDefault:ModLauncher Root Container(ModLauncher:4f56a0a2)]
[19апр.2026 19:22:37.697] [main/DEBUG] [mixin/]: Adding mixin platform agents for container SecureJarResource(mixin_synthetic)
[19апр.2026 19:22:37.697] [main/DEBUG] [mixin/]: Instancing new MixinPlatformAgentMinecraftForge for SecureJarResource(mixin_synthetic)
[19апр.2026 19:22:37.697] [main/DEBUG] [mixin/]: MixinPlatformAgentMinecraftForge rejected container SecureJarResource(mixin_synthetic)
[19апр.2026 19:22:37.697] [main/DEBUG] [mixin/]: Instancing new MixinPlatformAgentDefault for SecureJarResource(mixin_synthetic)
[19апр.2026 19:22:37.697] [main/DEBUG] [mixin/]: MixinPlatformAgentDefault accepted container SecureJarResource(mixin_synthetic)
[19апр.2026 19:22:37.697] [main/DEBUG] [mixin/]: Instancing new FMLMixinPlatformAgent for SecureJarResource(mixin_synthetic)
[19апр.2026 19:22:37.697] [main/DEBUG] [mixin/]: FMLMixinPlatformAgent rejected container SecureJarResource(mixin_synthetic)
[19апр.2026 19:22:37.697] [main/DEBUG] [mixin/]: Processing prepare() for PlatformAgent[MixinPlatformAgentDefault:SecureJarResource(mixin_synthetic)]
[19апр.2026 19:22:37.698] [main/DEBUG] [mixin/]: Adding mixin platform agents for container SecureJarResource(sophisticatedbackpacksetchedintegration)
[19апр.2026 19:22:37.698] [main/DEBUG] [mixin/]: Instancing new MixinPlatformAgentMinecraftForge for SecureJarResource(sophisticatedbackpacksetchedintegration)
[19апр.2026 19:22:37.698] [main/DEBUG] [mixin/]: MixinPlatformAgentMinecraftForge rejected container SecureJarResource(sophisticatedbackpacksetchedintegration)
[19апр.2026 19:22:37.698] [main/DEBUG] [mixin/]: Instancing new MixinPlatformAgentDefault for SecureJarResource(sophisticatedbackpacksetchedintegration)
[19апр.2026 19:22:37.698] [main/DEBUG] [mixin/]: MixinPlatformAgentDefault accepted container SecureJarResource(sophisticatedbackpacksetchedintegration)
[19апр.2026 19:22:37.698] [main/DEBUG] [mixin/]: Instancing new FMLMixinPlatformAgent for SecureJarResource(sophisticatedbackpacksetchedintegration)
[19апр.2026 19:22:37.698] [main/DEBUG] [mixin/]: FMLMixinPlatformAgent rejected container SecureJarResource(sophisticatedbackpacksetchedintegration)
[19апр.2026 19:22:37.698] [main/DEBUG] [mixin/]: Processing prepare() for PlatformAgent[MixinPlatformAgentDefault:SecureJarResource(sophisticatedbackpacksetchedintegration)]
[19апр.2026 19:22:37.698] [main/DEBUG] [mixin/]: Adding mixin platform agents for container SecureJarResource(minecraft)
[19апр.2026 19:22:37.698] [main/DEBUG] [mixin/]: Instancing new MixinPlatformAgentMinecraftForge for SecureJarResource(minecraft)
[19апр.2026 19:22:37.698] [main/DEBUG] [mixin/]: MixinPlatformAgentMinecraftForge rejected container SecureJarResource(minecraft)
[19апр.2026 19:22:37.698] [main/DEBUG] [mixin/]: Instancing new MixinPlatformAgentDefault for SecureJarResource(minecraft)
[19апр.2026 19:22:37.698] [main/DEBUG] [mixin/]: MixinPlatformAgentDefault accepted container SecureJarResource(minecraft)
[19апр.2026 19:22:37.698] [main/DEBUG] [mixin/]: Instancing new FMLMixinPlatformAgent for SecureJarResource(minecraft)
[19апр.2026 19:22:37.698] [main/DEBUG] [mixin/]: FMLMixinPlatformAgent rejected container SecureJarResource(minecraft)
[19апр.2026 19:22:37.698] [main/DEBUG] [mixin/]: Processing prepare() for PlatformAgent[MixinPlatformAgentDefault:SecureJarResource(minecraft)]
[19апр.2026 19:22:37.698] [main/DEBUG] [mixin/]: Adding mixin platform agents for container SecureJarResource(sophisticatedcore)
[19апр.2026 19:22:37.698] [main/DEBUG] [mixin/]: Instancing new MixinPlatformAgentMinecraftForge for SecureJarResource(sophisticatedcore)
[19апр.2026 19:22:37.698] [main/DEBUG] [mixin/]: MixinPlatformAgentMinecraftForge rejected container SecureJarResource(sophisticatedcore)
[19апр.2026 19:22:37.699] [main/DEBUG] [mixin/]: Instancing new MixinPlatformAgentDefault for SecureJarResource(sophisticatedcore)
[19апр.2026 19:22:37.699] [main/DEBUG] [mixin/]: MixinPlatformAgentDefault accepted container SecureJarResource(sophisticatedcore)
[19апр.2026 19:22:37.699] [main/DEBUG] [mixin/]: Instancing new FMLMixinPlatformAgent for SecureJarResource(sophisticatedcore)
[19апр.2026 19:22:37.699] [main/DEBUG] [mixin/]: FMLMixinPlatformAgent rejected container SecureJarResource(sophisticatedcore)
[19апр.2026 19:22:37.699] [main/DEBUG] [mixin/]: Processing prepare() for PlatformAgent[MixinPlatformAgentDefault:SecureJarResource(sophisticatedcore)]
[19апр.2026 19:22:37.699] [main/DEBUG] [mixin/]: Adding mixin platform agents for container SecureJarResource(sophisticatedbackpacks)
[19апр.2026 19:22:37.699] [main/DEBUG] [mixin/]: Instancing new MixinPlatformAgentMinecraftForge for SecureJarResource(sophisticatedbackpacks)
[19апр.2026 19:22:37.699] [main/DEBUG] [mixin/]: MixinPlatformAgentMinecraftForge rejected container SecureJarResource(sophisticatedbackpacks)
[19апр.2026 19:22:37.699] [main/DEBUG] [mixin/]: Instancing new MixinPlatformAgentDefault for SecureJarResource(sophisticatedbackpacks)
[19апр.2026 19:22:37.699] [main/DEBUG] [mixin/]: MixinPlatformAgentDefault accepted container SecureJarResource(sophisticatedbackpacks)
[19апр.2026 19:22:37.699] [main/DEBUG] [mixin/]: Instancing new FMLMixinPlatformAgent for SecureJarResource(sophisticatedbackpacks)
[19апр.2026 19:22:37.699] [main/DEBUG] [mixin/]: FMLMixinPlatformAgent rejected container SecureJarResource(sophisticatedbackpacks)
[19апр.2026 19:22:37.699] [main/DEBUG] [mixin/]: Processing prepare() for PlatformAgent[MixinPlatformAgentDefault:SecureJarResource(sophisticatedbackpacks)]
[19апр.2026 19:22:37.699] [main/DEBUG] [mixin/]: Adding mixin platform agents for container SecureJarResource(etched)
[19апр.2026 19:22:37.699] [main/DEBUG] [mixin/]: Instancing new MixinPlatformAgentMinecraftForge for SecureJarResource(etched)
[19апр.2026 19:22:37.699] [main/DEBUG] [mixin/]: MixinPlatformAgentMinecraftForge rejected container SecureJarResource(etched)
[19апр.2026 19:22:37.699] [main/DEBUG] [mixin/]: Instancing new MixinPlatformAgentDefault for SecureJarResource(etched)
[19апр.2026 19:22:37.699] [main/DEBUG] [mixin/]: MixinPlatformAgentDefault accepted container SecureJarResource(etched)
[19апр.2026 19:22:37.699] [main/DEBUG] [mixin/]: Instancing new FMLMixinPlatformAgent for SecureJarResource(etched)
[19апр.2026 19:22:37.699] [main/DEBUG] [mixin/]: FMLMixinPlatformAgent rejected container SecureJarResource(etched)
[19апр.2026 19:22:37.699] [main/DEBUG] [mixin/]: Processing prepare() for PlatformAgent[MixinPlatformAgentDefault:SecureJarResource(etched)]
[19апр.2026 19:22:37.699] [main/DEBUG] [mixin/]: Adding mixin platform agents for container SecureJarResource(mixinextras.neoforge)
[19апр.2026 19:22:37.699] [main/DEBUG] [mixin/]: Instancing new MixinPlatformAgentMinecraftForge for SecureJarResource(mixinextras.neoforge)
[19апр.2026 19:22:37.699] [main/DEBUG] [mixin/]: MixinPlatformAgentMinecraftForge rejected container SecureJarResource(mixinextras.neoforge)
[19апр.2026 19:22:37.699] [main/DEBUG] [mixin/]: Instancing new MixinPlatformAgentDefault for SecureJarResource(mixinextras.neoforge)
[19апр.2026 19:22:37.699] [main/DEBUG] [mixin/]: MixinPlatformAgentDefault accepted container SecureJarResource(mixinextras.neoforge)
[19апр.2026 19:22:37.700] [main/DEBUG] [mixin/]: Instancing new FMLMixinPlatformAgent for SecureJarResource(mixinextras.neoforge)
[19апр.2026 19:22:37.700] [main/DEBUG] [mixin/]: FMLMixinPlatformAgent rejected container SecureJarResource(mixinextras.neoforge)
[19апр.2026 19:22:37.700] [main/DEBUG] [mixin/]: Processing prepare() for PlatformAgent[MixinPlatformAgentDefault:SecureJarResource(mixinextras.neoforge)]
[19апр.2026 19:22:37.700] [main/DEBUG] [mixin/]: Registering mixin config: mixinextras.init.mixins.json source=SecureJarResource(mixinextras.neoforge)
[19апр.2026 19:22:37.701] [main/DEBUG] [mixin/]: inject() running with 9 agents
[19апр.2026 19:22:37.701] [main/DEBUG] [mixin/]: Processing inject() for PlatformAgent[MixinPlatformAgentDefault:ModLauncher Root Container(ModLauncher:4f56a0a2)]
[19апр.2026 19:22:37.701] [main/DEBUG] [mixin/]: Processing inject() for PlatformAgent[MixinPlatformAgentDefault:net.neoforged.fml.loading.mixin.FMLMixinContainerHandle@3daa82be]
[19апр.2026 19:22:37.701] [main/DEBUG] [mixin/]: Processing inject() for PlatformAgent[FMLMixinPlatformAgent:null]
[19апр.2026 19:22:37.701] [main/DEBUG] [mixin/]: Processing inject() for PlatformAgent[MixinPlatformAgentDefault:SecureJarResource(mixin_synthetic)]
[19апр.2026 19:22:37.701] [main/DEBUG] [mixin/]: Processing inject() for PlatformAgent[MixinPlatformAgentDefault:SecureJarResource(sophisticatedbackpacksetchedintegration)]
[19апр.2026 19:22:37.701] [main/DEBUG] [mixin/]: Processing inject() for PlatformAgent[MixinPlatformAgentDefault:SecureJarResource(minecraft)]
[19апр.2026 19:22:37.701] [main/DEBUG] [mixin/]: Processing inject() for PlatformAgent[MixinPlatformAgentDefault:SecureJarResource(sophisticatedcore)]
[19апр.2026 19:22:37.701] [main/DEBUG] [mixin/]: Processing inject() for PlatformAgent[MixinPlatformAgentDefault:SecureJarResource(sophisticatedbackpacks)]
[19апр.2026 19:22:37.701] [main/DEBUG] [mixin/]: Processing inject() for PlatformAgent[MixinPlatformAgentDefault:SecureJarResource(etched)]
[19апр.2026 19:22:37.701] [main/DEBUG] [mixin/]: Processing inject() for PlatformAgent[MixinPlatformAgentDefault:SecureJarResource(mixinextras.neoforge)]
[19апр.2026 19:22:37.702] [main/INFO] [cpw.mods.modlauncher.LaunchServiceHandler/MODLAUNCHER]: Launching target 'forgeclientdev' with arguments [--version, 21.1.227, --gameDir, ., --assetsDir, C:\Users\RootTool\.gradle\caches\minecraft\assets, --assetIndex, asset-index]
[19апр.2026 19:22:37.744] [main/DEBUG] [mixin/]: Preparing mixins for MixinEnvironment[DEFAULT]
[19апр.2026 19:22:37.746] [main/DEBUG] [mixin/]: Selecting config sophisticatedcore.mixins.json
[19апр.2026 19:22:37.750] [main/DEBUG] [mixin/]: Selecting config etched.mixins.json
[19апр.2026 19:22:37.751] [main/DEBUG] [mixin/]: Selecting config neoforge.mixins.json
[19апр.2026 19:22:37.751] [main/DEBUG] [mixin/]: Selecting config mixinextras.init.mixins.json
[19апр.2026 19:22:37.795] [main/DEBUG] [MixinExtras|Service/]: com.llamalad7.mixinextras.service.MixinExtrasServiceImpl(version=0.5.3) is taking over from null
[19апр.2026 19:22:37.830] [main/DEBUG] [mixin/]: Registering new injector for @Inject with org.spongepowered.asm.mixin.injection.struct.CallbackInjectionInfo
[19апр.2026 19:22:37.831] [main/DEBUG] [mixin/]: Registering new injector for @ModifyArg with org.spongepowered.asm.mixin.injection.struct.ModifyArgInjectionInfo
[19апр.2026 19:22:37.832] [main/DEBUG] [mixin/]: Registering new injector for @ModifyArgs with org.spongepowered.asm.mixin.injection.struct.ModifyArgsInjectionInfo
[19апр.2026 19:22:37.833] [main/DEBUG] [mixin/]: Registering new injector for @Redirect with org.spongepowered.asm.mixin.injection.struct.RedirectInjectionInfo
[19апр.2026 19:22:37.834] [main/DEBUG] [mixin/]: Registering new injector for @ModifyVariable with org.spongepowered.asm.mixin.injection.struct.ModifyVariableInjectionInfo
[19апр.2026 19:22:37.836] [main/DEBUG] [mixin/]: Registering new injector for @ModifyConstant with org.spongepowered.asm.mixin.injection.struct.ModifyConstantInjectionInfo
[19апр.2026 19:22:37.846] [main/DEBUG] [mixin/]: Preparing sophisticatedcore.mixins.json (1)
[19апр.2026 19:22:37.865] [main/TRACE] [mixin/]: Added class metadata for net/neoforged/neoforge/items/VanillaInventoryCodeHooks to metadata cache
[19апр.2026 19:22:37.869] [main/DEBUG] [mixin/]: Preparing etched.mixins.json (18)
[19апр.2026 19:22:37.881] [main/TRACE] [mixin/]: Added class metadata for net/minecraft/world/level/block/NoteBlock to metadata cache
[19апр.2026 19:22:37.883] [main/TRACE] [mixin/]: Added class metadata for net/minecraft/world/level/levelgen/structure/pools/StructureTemplatePool to metadata cache
[19апр.2026 19:22:37.886] [main/TRACE] [mixin/]: Added class metadata for net/minecraft/world/entity/ai/behavior/VillagerGoalPackages to metadata cache
[19апр.2026 19:22:37.888] [main/TRACE] [mixin/]: Added class metadata for net/minecraft/world/item/JukeboxSong to metadata cache
[19апр.2026 19:22:37.889] [main/TRACE] [mixin/]: Added class metadata for net/minecraft/world/level/block/entity/JukeboxBlockEntity to metadata cache
[19апр.2026 19:22:37.891] [main/TRACE] [mixin/]: Added class metadata for net/minecraft/world/item/JukeboxPlayable to metadata cache
[19апр.2026 19:22:37.892] [main/TRACE] [mixin/]: Added class metadata for net/minecraft/world/item/JukeboxSongPlayer to metadata cache
[19апр.2026 19:22:37.911] [main/DEBUG] [net.neoforged.accesstransformer.AccessTransformer/AXFORM]: Transforming net.minecraft.world.entity.LivingEntity METHOD getHitbox()Lnet/minecraft/world/phys/AABB; to access PUBLIC and LEAVE
[19апр.2026 19:22:37.912] [main/DEBUG] [net.neoforged.accesstransformer.AccessTransformer/AXFORM]: Transforming net.minecraft.world.entity.LivingEntity METHOD getCurrentSwingDuration()I to access PUBLIC and LEAVE
[19апр.2026 19:22:37.951] [main/TRACE] [mixin/]: Added class metadata for net/minecraft/world/entity/LivingEntity to metadata cache
[19апр.2026 19:22:37.953] [main/TRACE] [mixin/]: Added class metadata for net/minecraft/world/entity/animal/Parrot to metadata cache
[19апр.2026 19:22:37.957] [main/DEBUG] [net.neoforged.accesstransformer.AccessTransformer/AXFORM]: Transforming net.minecraft.client.gui.Gui INNERCLASS HeartType to access PUBLIC and LEAVE
[19апр.2026 19:22:37.959] [main/DEBUG] [net.neoforged.accesstransformer.AccessTransformer/AXFORM]: Transforming net.minecraft.client.gui.Gui FIELD SPYGLASS_SCOPE_LOCATION to access PUBLIC and LEAVE
[19апр.2026 19:22:37.960] [main/DEBUG] [net.neoforged.fml.common.asm.RuntimeDistCleaner/DISTXFORM]: Removing Class Annotation: net/minecraft/client/gui/Gui @Lnet/neoforged/api/distmarker/OnlyIn;
[19апр.2026 19:22:37.972] [main/TRACE] [mixin/]: Added class metadata for net/minecraft/client/gui/Gui to metadata cache
[19апр.2026 19:22:37.973] [main/DEBUG] [net.neoforged.fml.common.asm.RuntimeDistCleaner/DISTXFORM]: Removing Class Annotation: net/minecraft/client/model/HumanoidModel @Lnet/neoforged/api/distmarker/OnlyIn;
[19апр.2026 19:22:37.977] [main/TRACE] [mixin/]: Added class metadata for net/minecraft/client/model/HumanoidModel to metadata cache
[19апр.2026 19:22:37.988] [main/DEBUG] [net.neoforged.accesstransformer.AccessTransformer/AXFORM]: Transforming net.minecraft.client.renderer.LevelRenderer METHOD shouldShowEntityOutlines()Z to access PUBLIC and LEAVE
[19апр.2026 19:22:37.989] [main/DEBUG] [net.neoforged.fml.common.asm.RuntimeDistCleaner/DISTXFORM]: Removing Class Annotation: net/minecraft/client/renderer/LevelRenderer @Lnet/neoforged/api/distmarker/OnlyIn;
[19апр.2026 19:22:38.009] [main/TRACE] [mixin/]: Added class metadata for net/minecraft/client/renderer/LevelRenderer to metadata cache
[19апр.2026 19:22:38.010] [main/DEBUG] [net.neoforged.fml.common.asm.RuntimeDistCleaner/DISTXFORM]: Removing Class Annotation: net/minecraft/client/model/ParrotModel @Lnet/neoforged/api/distmarker/OnlyIn;
[19апр.2026 19:22:38.013] [main/TRACE] [mixin/]: Added class metadata for net/minecraft/client/model/ParrotModel to metadata cache
[19апр.2026 19:22:38.014] [main/DEBUG] [net.neoforged.fml.common.asm.RuntimeDistCleaner/DISTXFORM]: Removing Class Annotation: com/mojang/blaze3d/audio/Channel @Lnet/neoforged/api/distmarker/OnlyIn;
[19апр.2026 19:22:38.015] [main/TRACE] [mixin/]: Added class metadata for com/mojang/blaze3d/audio/Channel to metadata cache
[19апр.2026 19:22:38.017] [main/DEBUG] [net.neoforged.accesstransformer.AccessTransformer/AXFORM]: Transforming net.minecraft.client.sounds.SoundEngine FIELD soundManager to access PUBLIC and LEAVE
[19апр.2026 19:22:38.017] [main/DEBUG] [net.neoforged.fml.common.asm.RuntimeDistCleaner/DISTXFORM]: Removing Class Annotation: net/minecraft/client/sounds/SoundEngine @Lnet/neoforged/api/distmarker/OnlyIn;
[19апр.2026 19:22:38.020] [main/TRACE] [mixin/]: Added class metadata for net/minecraft/client/sounds/SoundEngine to metadata cache
[19апр.2026 19:22:38.020] [main/DEBUG] [mixin/]: Preparing neoforge.mixins.json (2)
[19апр.2026 19:22:38.023] [main/DEBUG] [net.neoforged.accesstransformer.AccessTransformer/AXFORM]: Transforming net.minecraft.world.level.block.entity.BlockEntityType INNERCLASS BlockEntitySupplier to access PUBLIC and LEAVE
[19апр.2026 19:22:38.025] [main/TRACE] [mixin/]: Added class metadata for net/minecraft/world/level/block/entity/BlockEntityType to metadata cache
[19апр.2026 19:22:38.029] [main/TRACE] [mixin/]: Added class metadata for net/minecraft/core/MappedRegistry to metadata cache
[19апр.2026 19:22:38.029] [main/DEBUG] [mixin/]: Preparing mixinextras.init.mixins.json (0)
[19апр.2026 19:22:38.034] [main/TRACE] [mixin/]: Added class metadata for net/minecraft/world/level/block/state/BlockBehaviour$Properties to metadata cache
[19апр.2026 19:22:38.035] [main/DEBUG] [net.neoforged.accesstransformer.AccessTransformer/AXFORM]: Transforming net.minecraft.world.level.block.Block METHOD popExperience(Lnet/minecraft/server/level/ServerLevel;Lnet/minecraft/core/BlockPos;I)V to access PUBLIC and LEAVE
[19апр.2026 19:22:38.038] [main/TRACE] [mixin/]: Added class metadata for net/minecraft/world/level/block/Block to metadata cache
[19апр.2026 19:22:38.043] [main/TRACE] [mixin/]: Added class metadata for java/lang/invoke/MethodHandles$Lookup to metadata cache
[19апр.2026 19:22:38.045] [main/TRACE] [mixin/]: Added class metadata for net/minecraft/core/Holder$Reference to metadata cache
[19апр.2026 19:22:38.046] [main/TRACE] [mixin/]: Added class metadata for net/minecraft/world/level/gameevent/GameEvent$Context to metadata cache
[19апр.2026 19:22:38.047] [main/TRACE] [mixin/]: Added class metadata for net/minecraft/world/level/block/entity/BlockEntity to metadata cache
[19апр.2026 19:22:38.053] [main/DEBUG] [net.neoforged.accesstransformer.AccessTransformer/AXFORM]: Transforming net.minecraft.world.entity.Entity FIELD ENTITY_COUNTER to access PROTECTED and LEAVE
[19апр.2026 19:22:38.053] [main/DEBUG] [net.neoforged.accesstransformer.AccessTransformer/AXFORM]: Transforming net.minecraft.world.entity.Entity METHOD getEncodeId()Ljava/lang/String; to access PUBLIC and LEAVE
[19апр.2026 19:22:38.067] [main/TRACE] [mixin/]: Added class metadata for net/minecraft/world/entity/Entity to metadata cache
[19апр.2026 19:22:38.068] [main/TRACE] [mixin/]: Added class metadata for net/minecraft/world/entity/animal/ShoulderRidingEntity to metadata cache
[19апр.2026 19:22:38.069] [main/TRACE] [mixin/]: Added class metadata for net/minecraft/world/entity/TamableAnimal to metadata cache
[19апр.2026 19:22:38.070] [main/TRACE] [mixin/]: Added class metadata for net/minecraft/world/entity/animal/Animal to metadata cache
[19апр.2026 19:22:38.071] [main/TRACE] [mixin/]: Added class metadata for net/minecraft/world/entity/AgeableMob to metadata cache
[19апр.2026 19:22:38.071] [main/TRACE] [mixin/]: Added class metadata for net/minecraft/world/entity/PathfinderMob to metadata cache
[19апр.2026 19:22:38.073] [main/DEBUG] [net.neoforged.accesstransformer.AccessTransformer/AXFORM]: Transforming net.minecraft.world.entity.Mob FIELD goalSelector to access PUBLIC and LEAVE
[19апр.2026 19:22:38.073] [main/DEBUG] [net.neoforged.accesstransformer.AccessTransformer/AXFORM]: Transforming net.minecraft.world.entity.Mob FIELD targetSelector to access PUBLIC and LEAVE
[19апр.2026 19:22:38.078] [main/TRACE] [mixin/]: Added class metadata for net/minecraft/world/entity/Mob to metadata cache
[19апр.2026 19:22:38.079] [main/TRACE] [mixin/]: Added class metadata for gg/moonflower/etched/core/mixin/client/render/HumanoidModelMixin$1 to metadata cache
[19апр.2026 19:22:38.080] [main/TRACE] [mixin/]: Added class metadata for org/spongepowered/asm/mixin/injection/At$Shift to metadata cache
[19апр.2026 19:22:38.081] [main/DEBUG] [net.neoforged.fml.common.asm.RuntimeDistCleaner/DISTXFORM]: Removing Class Annotation: net/minecraft/client/model/ParrotModel$State @Lnet/neoforged/api/distmarker/OnlyIn;
[19апр.2026 19:22:38.081] [main/TRACE] [mixin/]: Added class metadata for net/minecraft/client/model/ParrotModel$State to metadata cache
[19апр.2026 19:22:38.081] [main/TRACE] [mixin/]: Added class metadata for gg/moonflower/etched/core/EtchedConfig$Client to metadata cache
[19апр.2026 19:22:38.082] [main/TRACE] [mixin/]: Added class metadata for net/neoforged/neoforge/common/ModConfigSpec$BooleanValue to metadata cache
[19апр.2026 19:22:38.083] [main/TRACE] [mixin/]: Added class metadata for java/util/Map$Entry to metadata cache
[19апр.2026 19:22:38.084] [main/DEBUG] [net.neoforged.fml.common.asm.RuntimeDistCleaner/DISTXFORM]: Removing Class Annotation: net/minecraft/client/sounds/ChannelAccess$ChannelHandle @Lnet/neoforged/api/distmarker/OnlyIn;
[19апр.2026 19:22:38.084] [main/TRACE] [mixin/]: Added class metadata for net/minecraft/client/sounds/ChannelAccess$ChannelHandle to metadata cache
[19апр.2026 19:22:38.086] [main/DEBUG] [mixin/]: Prepared 21 mixins in 0,339 sec (16,1ms avg) (0ms load, 0ms transform, 0ms plugin)
[19апр.2026 19:22:38.087] [main/DEBUG] [net.neoforged.fml.common.asm.RuntimeDistCleaner/DISTXFORM]: Removing Class Annotation: net/minecraft/client/gui/screens/LoadingOverlay @Lnet/neoforged/api/distmarker/OnlyIn;
[19апр.2026 19:22:38.089] [main/DEBUG] [net.neoforged.fml.common.asm.RuntimeDistCleaner/DISTXFORM]: Removing Class Annotation: net/minecraft/client/gui/screens/Overlay @Lnet/neoforged/api/distmarker/OnlyIn;
[19апр.2026 19:22:38.090] [main/DEBUG] [net.neoforged.fml.common.asm.RuntimeDistCleaner/DISTXFORM]: Removing Class Annotation: net/minecraft/client/gui/components/Renderable @Lnet/neoforged/api/distmarker/OnlyIn;
[19апр.2026 19:22:38.091] [main/DEBUG] [net.neoforged.fml.common.asm.RuntimeDistCleaner/DISTXFORM]: Removing Class Annotation: net/minecraft/client/renderer/texture/AbstractTexture @Lnet/neoforged/api/distmarker/OnlyIn;
[19апр.2026 19:22:38.092] [main/DEBUG] [net.neoforged.fml.common.asm.RuntimeDistCleaner/DISTXFORM]: Removing Class Annotation: net/minecraft/client/gui/screens/LoadingOverlay$LogoTexture @Lnet/neoforged/api/distmarker/OnlyIn;
[19апр.2026 19:22:38.093] [main/DEBUG] [net.neoforged.fml.common.asm.RuntimeDistCleaner/DISTXFORM]: Removing Class Annotation: net/minecraft/client/renderer/texture/SimpleTexture @Lnet/neoforged/api/distmarker/OnlyIn;
[19апр.2026 19:22:38.094] [main/DEBUG] [net.neoforged.fml.common.asm.RuntimeDistCleaner/DISTXFORM]: Removing Class Annotation: com/mojang/blaze3d/vertex/VertexConsumer @Lnet/neoforged/api/distmarker/OnlyIn;
[19апр.2026 19:22:38.096] [main/DEBUG] [net.neoforged.accesstransformer.AccessTransformer/AXFORM]: Transforming net.minecraft.client.gui.GuiGraphics METHOD renderTooltipInternal(Lnet/minecraft/client/gui/Font;Ljava/util/List;IILnet/minecraft/client/gui/screens/inventory/tooltip/ClientTooltipPositioner;)V to access PUBLIC and LEAVE
[19апр.2026 19:22:38.099] [main/DEBUG] [net.neoforged.fml.common.asm.RuntimeDistCleaner/DISTXFORM]: Removing Class Annotation: net/minecraft/client/gui/GuiGraphics @Lnet/neoforged/api/distmarker/OnlyIn;
[19апр.2026 19:22:38.107] [main/DEBUG] [net.neoforged.fml.common.asm.RuntimeDistCleaner/DISTXFORM]: Removing Class Annotation: net/minecraft/client/Minecraft @Lnet/neoforged/api/distmarker/OnlyIn;
[19апр.2026 19:22:38.113] [main/DEBUG] [net.neoforged.fml.common.asm.RuntimeDistCleaner/DISTXFORM]: Removing Class Annotation: com/mojang/blaze3d/platform/WindowEventHandler @Lnet/neoforged/api/distmarker/OnlyIn;
[19апр.2026 19:22:38.115] [main/DEBUG] [net.neoforged.accesstransformer.AccessTransformer/AXFORM]: Transforming net.minecraft.util.thread.BlockableEventLoop METHOD submitAsync(Ljava/lang/Runnable;)Ljava/util/concurrent/CompletableFuture; to access PUBLIC and LEAVE
[19апр.2026 19:22:38.374] [main/DEBUG] [io.netty.util.internal.logging.InternalLoggerFactory/]: Using SLF4J as the default logging framework
[19апр.2026 19:22:38.379] [main/DEBUG] [io.netty.util.ResourceLeakDetector/]: -Dio.netty.leakDetection.level: simple
[19апр.2026 19:22:38.379] [main/DEBUG] [io.netty.util.ResourceLeakDetector/]: -Dio.netty.leakDetection.targetRecords: 4
[19апр.2026 19:22:39.343] [main/DEBUG] [oshi.util.FileUtil/]: No oshi.properties file found from ClassLoader cpw.mods.modlauncher.TransformingClassLoader@345cf395
[19апр.2026 19:22:40.156] [Datafixer Bootstrap/INFO] [com.mojang.datafixers.DataFixerBuilder/]: 229 Datafixer optimizations took 860 milliseconds
[19апр.2026 19:22:40.220] [main/DEBUG] [oshi.util.FileUtil/]: No oshi.architecture.properties file found from ClassLoader cpw.mods.modlauncher.TransformingClassLoader@345cf395
[19апр.2026 19:22:40.311] [pool-10-thread-1/INFO] [MixinExtras|Service/]: Initializing MixinExtras via com.llamalad7.mixinextras.service.MixinExtrasServiceImpl(version=0.5.3).
[19апр.2026 19:22:40.312] [pool-10-thread-1/DEBUG] [mixin/]: Registering new injector for @SugarWrapper with com.llamalad7.mixinextras.sugar.impl.SugarWrapperInjectionInfo
[19апр.2026 19:22:40.313] [pool-10-thread-1/DEBUG] [mixin/]: Registering new injector for @FactoryRedirectWrapper with com.llamalad7.mixinextras.wrapper.factory.FactoryRedirectWrapperInjectionInfo
[19апр.2026 19:22:40.313] [pool-10-thread-1/DEBUG] [mixin/]: Registering new injector for @ExpressionInjectorWrapper with com.llamalad7.mixinextras.expression.impl.wrapper.ExpressionInjectorWrapperInjectionInfo
[19апр.2026 19:22:40.326] [pool-10-thread-1/DEBUG] [mixin/]: Mixing MappedRegistryAccessor from neoforge.mixins.json into net.minecraft.core.MappedRegistry
[19апр.2026 19:22:40.491] [pool-10-thread-1/DEBUG] [mixin/]: Mixing client.entity.ClientLivingEntityMixin from etched.mixins.json into net.minecraft.world.entity.LivingEntity
[19апр.2026 19:22:40.539] [pool-10-thread-1/DEBUG] [mixin/]: etched.mixins.json:client.entity.ClientLivingEntityMixin from mod etched->@Inject::onTick(Lorg/spongepowered/asm/mixin/injection/callback/CallbackInfo;)V doesn't use it's CallbackInfo
[19апр.2026 19:22:40.539] [pool-10-thread-1/DEBUG] [mixin/]: etched.mixins.json:client.entity.ClientLivingEntityMixin from mod etched->@Inject::onTick(Lorg/spongepowered/asm/mixin/injection/callback/CallbackInfo;)V has 0 override(s) in child classes
[19апр.2026 19:22:40.539] [pool-10-thread-1/DEBUG] [mixin/]: etched.mixins.json:client.entity.ClientLivingEntityMixin from mod etched->@Inject::onTick(Lorg/spongepowered/asm/mixin/injection/callback/CallbackInfo;)V won't be passed a CallbackInfo as a result
[19апр.2026 19:22:40.824] [pool-10-thread-1/DEBUG] [mixin/]: Mixing NoteBlockMixin from etched.mixins.json into net.minecraft.world.level.block.NoteBlock
[19апр.2026 19:22:41.414] [pool-10-thread-1/DEBUG] [mixin/]: Mixing BlockEntityTypeAccessor from neoforge.mixins.json into net.minecraft.world.level.block.entity.BlockEntityType
[19апр.2026 19:22:41.502] [pool-10-thread-1/DEBUG] [mixin/]: Mixing jukebox.JukeboxBlockEntityMixin from etched.mixins.json into net.minecraft.world.level.block.entity.JukeboxBlockEntity
[19апр.2026 19:22:41.542] [pool-10-thread-1/DEBUG] [mixin/]: etched.mixins.json:jukebox.JukeboxBlockEntityMixin from mod etched->@Inject::stop(Lnet/minecraft/world/item/ItemStack;Lorg/spongepowered/asm/mixin/injection/callback/CallbackInfo;)V doesn't use it's CallbackInfo
[19апр.2026 19:22:41.542] [pool-10-thread-1/DEBUG] [mixin/]: etched.mixins.json:jukebox.JukeboxBlockEntityMixin from mod etched->@Inject::stop(Lnet/minecraft/world/item/ItemStack;Lorg/spongepowered/asm/mixin/injection/callback/CallbackInfo;)V has 0 override(s) in child classes
[19апр.2026 19:22:41.542] [pool-10-thread-1/DEBUG] [mixin/]: etched.mixins.json:jukebox.JukeboxBlockEntityMixin from mod etched->@Inject::stop(Lnet/minecraft/world/item/ItemStack;Lorg/spongepowered/asm/mixin/injection/callback/CallbackInfo;)V won't be passed a CallbackInfo as a result
[19апр.2026 19:22:41.543] [pool-10-thread-1/DEBUG] [mixin/]: etched.mixins.json:jukebox.JukeboxBlockEntityMixin from mod etched->@Inject::getComparatorOutput(Lorg/spongepowered/asm/mixin/injection/callback/CallbackInfoReturnable;)V does use it's CallbackInfoReturnable
[19апр.2026 19:22:41.544] [pool-10-thread-1/DEBUG] [mixin/]: etched.mixins.json:jukebox.JukeboxBlockEntityMixin from mod etched->@Inject::canPlaceItem(ILnet/minecraft/world/item/ItemStack;Lorg/spongepowered/asm/mixin/injection/callback/CallbackInfoReturnable;)V does use it's CallbackInfoReturnable
[19апр.2026 19:22:43.049] [pool-10-thread-1/DEBUG] [io.netty.util.internal.PlatformDependent0/]: -Dio.netty.noUnsafe: false
[19апр.2026 19:22:43.049] [pool-10-thread-1/DEBUG] [io.netty.util.internal.PlatformDependent0/]: Java version: 21
[19апр.2026 19:22:43.050] [pool-10-thread-1/DEBUG] [io.netty.util.internal.PlatformDependent0/]: sun.misc.Unsafe.theUnsafe: available
[19апр.2026 19:22:43.050] [pool-10-thread-1/DEBUG] [io.netty.util.internal.PlatformDependent0/]: sun.misc.Unsafe.copyMemory: available
[19апр.2026 19:22:43.050] [pool-10-thread-1/DEBUG] [io.netty.util.internal.PlatformDependent0/]: sun.misc.Unsafe.storeFence: available
[19апр.2026 19:22:43.051] [pool-10-thread-1/DEBUG] [io.netty.util.internal.PlatformDependent0/]: java.nio.Buffer.address: available
[19апр.2026 19:22:43.052] [pool-10-thread-1/DEBUG] [io.netty.util.internal.PlatformDependent0/]: java.nio.Bits.unaligned: available, true
[19апр.2026 19:22:43.054] [pool-10-thread-1/DEBUG] [io.netty.util.internal.PlatformDependent0/]: java.nio.DirectByteBuffer.<init>(long, {int,long}): unavailable
[19апр.2026 19:22:43.054] [pool-10-thread-1/DEBUG] [io.netty.util.internal.PlatformDependent/]: sun.misc.Unsafe: available
[19апр.2026 19:22:43.054] [pool-10-thread-1/DEBUG] [io.netty.util.internal.PlatformDependent/]: maxDirectMemory: 6408896512 bytes (maybe)
[19апр.2026 19:22:43.055] [pool-10-thread-1/DEBUG] [io.netty.util.internal.PlatformDependent/]: -Dio.netty.tmpdir: C:\Temp (java.io.tmpdir)
[19апр.2026 19:22:43.056] [pool-10-thread-1/DEBUG] [io.netty.util.internal.PlatformDependent/]: -Dio.netty.bitMode: 64 (sun.arch.data.model)
[19апр.2026 19:22:43.056] [pool-10-thread-1/DEBUG] [io.netty.util.internal.PlatformDependent/]: Platform: Windows
[19апр.2026 19:22:43.057] [pool-10-thread-1/DEBUG] [io.netty.util.internal.PlatformDependent/]: -Dio.netty.maxDirectMemory: -1 bytes
[19апр.2026 19:22:43.057] [pool-10-thread-1/DEBUG] [io.netty.util.internal.PlatformDependent/]: -Dio.netty.uninitializedArrayAllocationThreshold: -1
[19апр.2026 19:22:43.059] [pool-10-thread-1/DEBUG] [io.netty.util.internal.CleanerJava9/]: java.nio.ByteBuffer.cleaner(): available
[19апр.2026 19:22:43.059] [pool-10-thread-1/DEBUG] [io.netty.util.internal.PlatformDependent/]: -Dio.netty.noPreferDirect: false
[19апр.2026 19:22:43.159] [pool-10-thread-1/DEBUG] [mixin/]: Mixing jukebox.JukeboxPlayableMixin from etched.mixins.json into net.minecraft.world.item.JukeboxPlayable
[19апр.2026 19:22:43.208] [pool-10-thread-1/DEBUG] [mixin/]: etched.mixins.json:jukebox.JukeboxPlayableMixin from mod etched->@Inject::tryInsertIntoJukebox(Lnet/minecraft/world/level/Level;Lnet/minecraft/core/BlockPos;Lnet/minecraft/world/item/ItemStack;Lnet/minecraft/world/entity/player/Player;Lorg/spongepowered/asm/mixin/injection/callback/CallbackInfoReturnable;)V does use it's CallbackInfoReturnable
[19апр.2026 19:22:43.210] [pool-10-thread-1/DEBUG] [mixin/]: Mixing component.JukeboxSongMixin from etched.mixins.json into net.minecraft.world.item.JukeboxSong
[19апр.2026 19:22:43.212] [pool-10-thread-1/DEBUG] [mixin/]: Renaming synthetic method lambda$new$0()Ljava/util/List; to mdc4627f$etched$lambda$new$0$0 in etched.mixins.json:component.JukeboxSongMixin from mod etched
[19апр.2026 19:22:43.931] [pool-10-thread-1/DEBUG] [mixin/]: Mixing client.entity.ParrotMixin from etched.mixins.json into net.minecraft.world.entity.animal.Parrot
[19апр.2026 19:22:43.932] [pool-10-thread-1/DEBUG] [mixin/]: Renaming synthetic method lambda$addAudioProviders$0(Lnet/minecraft/world/entity/Entity;)Z to mdc4627f$etched$lambda$addAudioProviders$0$0 in etched.mixins.json:client.entity.ParrotMixin from mod etched
[19апр.2026 19:22:43.982] [pool-10-thread-1/DEBUG] [mixin/]: etched.mixins.json:client.entity.ParrotMixin from mod etched->@Inject::capture(Lorg/spongepowered/asm/mixin/injection/callback/CallbackInfo;)V doesn't use it's CallbackInfo
[19апр.2026 19:22:43.983] [pool-10-thread-1/DEBUG] [mixin/]: etched.mixins.json:client.entity.ParrotMixin from mod etched->@Inject::capture(Lorg/spongepowered/asm/mixin/injection/callback/CallbackInfo;)V has 0 override(s) in child classes
[19апр.2026 19:22:43.983] [pool-10-thread-1/DEBUG] [mixin/]: etched.mixins.json:client.entity.ParrotMixin from mod etched->@Inject::capture(Lorg/spongepowered/asm/mixin/injection/callback/CallbackInfo;)V won't be passed a CallbackInfo as a result
[19апр.2026 19:22:43.983] [pool-10-thread-1/DEBUG] [mixin/]: etched.mixins.json:client.entity.ParrotMixin from mod etched->@Inject::addAudioProviders(Lorg/spongepowered/asm/mixin/injection/callback/CallbackInfo;)V doesn't use it's CallbackInfo
[19апр.2026 19:22:43.983] [pool-10-thread-1/DEBUG] [mixin/]: etched.mixins.json:client.entity.ParrotMixin from mod etched->@Inject::addAudioProviders(Lorg/spongepowered/asm/mixin/injection/callback/CallbackInfo;)V has 0 override(s) in child classes
[19апр.2026 19:22:43.983] [pool-10-thread-1/DEBUG] [mixin/]: etched.mixins.json:client.entity.ParrotMixin from mod etched->@Inject::addAudioProviders(Lorg/spongepowered/asm/mixin/injection/callback/CallbackInfo;)V won't be passed a CallbackInfo as a result
[19апр.2026 19:22:45.282] [pool-10-thread-1/DEBUG] [mixin/]: Mixing StructureTemplatePoolAccessor from etched.mixins.json into net.minecraft.world.level.levelgen.structure.pools.StructureTemplatePool
[19апр.2026 19:22:45.693] [pool-10-thread-1/DEBUG] [net.neoforged.neoforge.registries.GameData/REGISTRIES]: Creating vanilla freeze snapshot
[19апр.2026 19:22:45.744] [pool-10-thread-1/DEBUG] [net.neoforged.neoforge.registries.GameData/REGISTRIES]: Vanilla freeze snapshot created
[19апр.2026 19:22:46.458] [main/WARN] [net.minecraft.commands.Commands/]: Ambiguity between arguments [teleport, location] and [teleport, destination] with inputs: [0.1 -0.5 .9, 0 0 0]
[19апр.2026 19:22:46.459] [main/WARN] [net.minecraft.commands.Commands/]: Ambiguity between arguments [teleport, location] and [teleport, targets] with inputs: [0.1 -0.5 .9, 0 0 0]
[19апр.2026 19:22:46.461] [main/WARN] [net.minecraft.commands.Commands/]: Ambiguity between arguments [teleport, destination] and [teleport, targets] with inputs: [Player, 0123, @e, dd12be42-52a9-4a91-a8a1-11c01849e498]
[19апр.2026 19:22:46.463] [main/WARN] [net.minecraft.commands.Commands/]: Ambiguity between arguments [teleport, targets] and [teleport, destination] with inputs: [Player, 0123, dd12be42-52a9-4a91-a8a1-11c01849e498]
[19апр.2026 19:22:46.464] [main/WARN] [net.minecraft.commands.Commands/]: Ambiguity between arguments [teleport, targets, location] and [teleport, targets, destination] with inputs: [0.1 -0.5 .9, 0 0 0]
[19апр.2026 19:22:46.586] [Render thread/WARN] [net.minecraft.server.packs.VanillaPackResourcesBuilder/]: Assets URL 'union:/C:/Users/RootTool/Documents/GitHub/Clones/Sophisticated-Backpacks-Etched-Integration/.gradle/repositories/ng_dummy_ng/net/neoforged/neoforge/21.1.227/neoforge-21.1.227.jar%23195!/assets/.mcassetsroot' uses unexpected schema
[19апр.2026 19:22:46.587] [Render thread/WARN] [net.minecraft.server.packs.VanillaPackResourcesBuilder/]: Assets URL 'union:/C:/Users/RootTool/Documents/GitHub/Clones/Sophisticated-Backpacks-Etched-Integration/.gradle/repositories/ng_dummy_ng/net/neoforged/neoforge/21.1.227/neoforge-21.1.227.jar%23195!/data/.mcassetsroot' uses unexpected schema
[19апр.2026 19:22:46.625] [Render thread/INFO] [com.mojang.authlib.yggdrasil.YggdrasilAuthenticationService/]: Environment: Environment[sessionHost=https://sessionserver.mojang.com, servicesHost=https://api.minecraftservices.com, name=PROD]
[19апр.2026 19:22:46.641] [Render thread/INFO] [net.minecraft.client.Minecraft/]: Setting user: Dev
[19апр.2026 19:22:46.758] [Render thread/INFO] [net.minecraft.client.Minecraft/]: Backend library: LWJGL version 3.3.3+5
[19апр.2026 19:22:46.998] [Render thread/DEBUG] [net.neoforged.fml.ModWorkManager/LOADING]: Using 12 threads for parallel mod-loading
[19апр.2026 19:22:47.012] [Render thread/DEBUG] [net.neoforged.fml.javafmlmod.FMLModContainer/LOADING]: Creating FMLModContainer instance for [com.absolutebuddies.sophisticatedbackpacksetchedintegration]
[19апр.2026 19:22:47.015] [Render thread/DEBUG] [net.neoforged.fml.javafmlmod.FMLModContainer/LOADING]: Creating FMLModContainer instance for [net.p3pp3rf1y.sophisticatedcore.SophisticatedCore]
[19апр.2026 19:22:47.018] [Render thread/DEBUG] [net.neoforged.fml.javafmlmod.FMLModContainer/LOADING]: Creating FMLModContainer instance for [net.p3pp3rf1y.sophisticatedbackpacks.SophisticatedBackpacks]
[19апр.2026 19:22:47.019] [Render thread/DEBUG] [net.neoforged.fml.javafmlmod.FMLModContainer/LOADING]: Creating FMLModContainer instance for [gg.moonflower.etched.core.Etched, gg.moonflower.etched.core.EtchedClient]
[19апр.2026 19:22:47.022] [Render thread/DEBUG] [net.neoforged.fml.javafmlmod.FMLModContainer/LOADING]: Creating FMLModContainer instance for [net.neoforged.neoforge.common.NeoForgeMod, net.neoforged.neoforge.client.ClientNeoForgeMod]
[19апр.2026 19:22:47.039] [modloading-worker-0/DEBUG] [net.neoforged.fml.javafmlmod.AutomaticEventSubscriber/LOADING]: Attempting to inject @EventBusSubscriber classes into the eventbus for sophisticatedbackpacksetchedintegration
[19апр.2026 19:22:47.063] [modloading-worker-0/DEBUG] [net.neoforged.fml.config.ConfigTracker/CONFIG]: Config file sophisticatedcore-common.toml for sophisticatedcore tracking
[19апр.2026 19:22:47.064] [modloading-worker-0/DEBUG] [net.neoforged.fml.config.ConfigTracker/CONFIG]: Config file sophisticatedcore-client.toml for sophisticatedcore tracking
[19апр.2026 19:22:47.067] [modloading-worker-0/DEBUG] [net.neoforged.neoforge.internal.versions.neoforge.NeoForgeVersion/CORE]: Found NeoForge version 21.1.227
[19апр.2026 19:22:47.068] [modloading-worker-0/DEBUG] [net.neoforged.neoforge.internal.versions.neoforge.NeoForgeVersion/CORE]: Found FML version 4.0.42
[19апр.2026 19:22:47.068] [modloading-worker-0/INFO] [net.neoforged.neoforge.common.NeoForgeMod/NEOFORGE-MOD]: NeoForge mod loading, version 21.1.227, for MC 1.21.1
[19апр.2026 19:22:47.083] [modloading-worker-0/DEBUG] [net.neoforged.fml.config.ConfigTracker/CONFIG]: Config file neoforge-client.toml for neoforge tracking
[19апр.2026 19:22:47.084] [modloading-worker-0/DEBUG] [net.neoforged.fml.config.ConfigTracker/CONFIG]: Config file neoforge-server.toml for neoforge tracking
[19апр.2026 19:22:47.084] [modloading-worker-0/DEBUG] [net.neoforged.fml.config.ConfigTracker/CONFIG]: Config file neoforge-common.toml for neoforge tracking
[19апр.2026 19:22:47.116] [modloading-worker-0/DEBUG] [net.neoforged.fml.config.ConfigTracker/CONFIG]: Config file sophisticatedbackpacks-server.toml for sophisticatedbackpacks tracking
[19апр.2026 19:22:47.116] [modloading-worker-0/DEBUG] [net.neoforged.fml.config.ConfigTracker/CONFIG]: Config file sophisticatedbackpacks-common.toml for sophisticatedbackpacks tracking
[19апр.2026 19:22:47.132] [modloading-worker-0/DEBUG] [net.neoforged.fml.config.ConfigTracker/CONFIG]: Config file etched-client.toml for etched tracking
[19апр.2026 19:22:47.132] [modloading-worker-0/DEBUG] [net.neoforged.fml.config.ConfigTracker/CONFIG]: Config file etched-server.toml for etched tracking
[19апр.2026 19:22:47.149] [modloading-worker-0/DEBUG] [net.neoforged.fml.javafmlmod.AutomaticEventSubscriber/LOADING]: Attempting to inject @EventBusSubscriber classes into the eventbus for etched
[19апр.2026 19:22:47.150] [modloading-worker-0/DEBUG] [net.neoforged.fml.javafmlmod.AutomaticEventSubscriber/LOADING]: Scanning class gg.moonflower.etched.core.EtchedClientEvents for @SubscribeEvent-annotated methods
[19апр.2026 19:22:47.152] [modloading-worker-0/DEBUG] [net.neoforged.fml.javafmlmod.AutomaticEventSubscriber/]: Subscribing @EventBusSubscriber class Lgg/moonflower/etched/core/EtchedClientEvents; to the game event bus
[19апр.2026 19:22:47.153] [modloading-worker-0/DEBUG] [net.neoforged.fml.javafmlmod.AutomaticEventSubscriber/LOADING]: Scanning class gg.moonflower.etched.core.EtchedEvents for @SubscribeEvent-annotated methods
[19апр.2026 19:22:47.154] [modloading-worker-0/DEBUG] [net.neoforged.fml.javafmlmod.AutomaticEventSubscriber/]: Subscribing @EventBusSubscriber class Lgg/moonflower/etched/core/EtchedEvents; to the game event bus
[19апр.2026 19:22:47.155] [modloading-worker-0/DEBUG] [net.neoforged.fml.javafmlmod.AutomaticEventSubscriber/LOADING]: Scanning class gg.moonflower.etched.core.registry.EtchedVillagers for @SubscribeEvent-annotated methods
[19апр.2026 19:22:47.158] [modloading-worker-0/DEBUG] [net.neoforged.fml.javafmlmod.AutomaticEventSubscriber/]: Subscribing @EventBusSubscriber class Lgg/moonflower/etched/core/registry/EtchedVillagers; to the game event bus
[19апр.2026 19:22:47.159] [modloading-worker-0/DEBUG] [net.neoforged.fml.javafmlmod.AutomaticEventSubscriber/LOADING]: Scanning class gg.moonflower.etched.common.network.EtchedMessages for @SubscribeEvent-annotated methods
[19апр.2026 19:22:47.163] [modloading-worker-0/DEBUG] [net.neoforged.fml.javafmlmod.AutomaticEventSubscriber/]: Subscribing @EventBusSubscriber class Lgg/moonflower/etched/common/network/EtchedMessages; to the mod event bus of mod etched
[19апр.2026 19:22:47.175] [modloading-worker-0/DEBUG] [net.neoforged.fml.javafmlmod.AutomaticEventSubscriber/LOADING]: Attempting to inject @EventBusSubscriber classes into the eventbus for sophisticatedcore
[19апр.2026 19:22:47.197] [modloading-worker-0/DEBUG] [net.neoforged.fml.javafmlmod.AutomaticEventSubscriber/LOADING]: Attempting to inject @EventBusSubscriber classes into the eventbus for neoforge
[19апр.2026 19:22:47.197] [modloading-worker-0/DEBUG] [net.neoforged.fml.javafmlmod.AutomaticEventSubscriber/LOADING]: Scanning class net.neoforged.neoforge.server.command.ConfigCommand for @SubscribeEvent-annotated methods
[19апр.2026 19:22:47.198] [modloading-worker-0/DEBUG] [net.neoforged.fml.javafmlmod.AutomaticEventSubscriber/]: Subscribing @EventBusSubscriber class Lnet/neoforged/neoforge/server/command/ConfigCommand; to the game event bus
[19апр.2026 19:22:47.199] [modloading-worker-0/DEBUG] [net.neoforged.fml.javafmlmod.AutomaticEventSubscriber/LOADING]: Scanning class net.neoforged.neoforge.network.NetworkInitialization for @SubscribeEvent-annotated methods
[19апр.2026 19:22:47.200] [modloading-worker-0/DEBUG] [net.neoforged.fml.javafmlmod.AutomaticEventSubscriber/]: Subscribing @EventBusSubscriber class Lnet/neoforged/neoforge/network/NetworkInitialization; to the mod event bus of mod neoforge
[19апр.2026 19:22:47.201] [modloading-worker-0/DEBUG] [net.neoforged.fml.javafmlmod.AutomaticEventSubscriber/LOADING]: Scanning class net.neoforged.neoforge.network.filters.GenericPacketSplitter for @SubscribeEvent-annotated methods
[19апр.2026 19:22:47.231] [modloading-worker-0/DEBUG] [io.netty.buffer.AbstractByteBuf/]: -Dio.netty.buffer.checkAccessible: true
[19апр.2026 19:22:47.232] [modloading-worker-0/DEBUG] [io.netty.buffer.AbstractByteBuf/]: -Dio.netty.buffer.checkBounds: true
[19апр.2026 19:22:47.233] [modloading-worker-0/DEBUG] [io.netty.util.ResourceLeakDetectorFactory/]: Loaded default ResourceLeakDetector: io.netty.util.ResourceLeakDetector@40b10b76
[19апр.2026 19:22:47.244] [modloading-worker-0/DEBUG] [io.netty.util.internal.InternalThreadLocalMap/]: -Dio.netty.threadLocalMap.stringBuilder.initialSize: 1024
[19апр.2026 19:22:47.245] [modloading-worker-0/DEBUG] [io.netty.util.internal.InternalThreadLocalMap/]: -Dio.netty.threadLocalMap.stringBuilder.maxSize: 4096
[19апр.2026 19:22:47.249] [modloading-worker-0/DEBUG] [io.netty.buffer.PooledByteBufAllocator/]: -Dio.netty.allocator.numHeapArenas: 24
[19апр.2026 19:22:47.249] [modloading-worker-0/DEBUG] [io.netty.buffer.PooledByteBufAllocator/]: -Dio.netty.allocator.numDirectArenas: 24
[19апр.2026 19:22:47.249] [modloading-worker-0/DEBUG] [io.netty.buffer.PooledByteBufAllocator/]: -Dio.netty.allocator.pageSize: 8192
[19апр.2026 19:22:47.249] [modloading-worker-0/DEBUG] [io.netty.buffer.PooledByteBufAllocator/]: -Dio.netty.allocator.maxOrder: 9
[19апр.2026 19:22:47.249] [modloading-worker-0/DEBUG] [io.netty.buffer.PooledByteBufAllocator/]: -Dio.netty.allocator.chunkSize: 4194304
[19апр.2026 19:22:47.249] [modloading-worker-0/DEBUG] [io.netty.buffer.PooledByteBufAllocator/]: -Dio.netty.allocator.smallCacheSize: 256
[19апр.2026 19:22:47.249] [modloading-worker-0/DEBUG] [io.netty.buffer.PooledByteBufAllocator/]: -Dio.netty.allocator.normalCacheSize: 64
[19апр.2026 19:22:47.249] [modloading-worker-0/DEBUG] [io.netty.buffer.PooledByteBufAllocator/]: -Dio.netty.allocator.maxCachedBufferCapacity: 32768
[19апр.2026 19:22:47.249] [modloading-worker-0/DEBUG] [io.netty.buffer.PooledByteBufAllocator/]: -Dio.netty.allocator.cacheTrimInterval: 8192
[19апр.2026 19:22:47.250] [modloading-worker-0/DEBUG] [io.netty.buffer.PooledByteBufAllocator/]: -Dio.netty.allocator.cacheTrimIntervalMillis: 0
[19апр.2026 19:22:47.250] [modloading-worker-0/DEBUG] [io.netty.buffer.PooledByteBufAllocator/]: -Dio.netty.allocator.useCacheForAllThreads: false
[19апр.2026 19:22:47.250] [modloading-worker-0/DEBUG] [io.netty.buffer.PooledByteBufAllocator/]: -Dio.netty.allocator.maxCachedByteBuffersPerChunk: 1023
[19апр.2026 19:22:47.259] [modloading-worker-0/DEBUG] [io.netty.buffer.ByteBufUtil/]: -Dio.netty.allocator.type: pooled
[19апр.2026 19:22:47.260] [modloading-worker-0/DEBUG] [io.netty.buffer.ByteBufUtil/]: -Dio.netty.threadLocalDirectBufferSize: 0
[19апр.2026 19:22:47.260] [modloading-worker-0/DEBUG] [io.netty.buffer.ByteBufUtil/]: -Dio.netty.maxThreadLocalCharBufferSize: 16384
[19апр.2026 19:22:47.267] [modloading-worker-0/DEBUG] [net.neoforged.fml.javafmlmod.AutomaticEventSubscriber/]: Subscribing @EventBusSubscriber class Lnet/neoforged/neoforge/network/filters/GenericPacketSplitter; to the mod event bus of mod neoforge
[19апр.2026 19:22:47.268] [modloading-worker-0/DEBUG] [net.neoforged.fml.javafmlmod.AutomaticEventSubscriber/LOADING]: Attempting to inject @EventBusSubscriber classes into the eventbus for sophisticatedbackpacks
[19апр.2026 19:22:47.271] [modloading-worker-0/DEBUG] [net.neoforged.fml.javafmlmod.AutomaticEventSubscriber/LOADING]: Scanning class net.neoforged.neoforge.network.ConfigurationInitialization for @SubscribeEvent-annotated methods
[19апр.2026 19:22:47.273] [modloading-worker-0/DEBUG] [net.neoforged.fml.javafmlmod.AutomaticEventSubscriber/]: Subscribing @EventBusSubscriber class Lnet/neoforged/neoforge/network/ConfigurationInitialization; to the mod event bus of mod neoforge
[19апр.2026 19:22:47.274] [modloading-worker-0/DEBUG] [net.neoforged.fml.javafmlmod.AutomaticEventSubscriber/LOADING]: Scanning class net.neoforged.neoforge.common.MonsterRoomHooks for @SubscribeEvent-annotated methods
[19апр.2026 19:22:47.276] [modloading-worker-0/DEBUG] [net.neoforged.fml.javafmlmod.AutomaticEventSubscriber/]: Subscribing @EventBusSubscriber class Lnet/neoforged/neoforge/common/MonsterRoomHooks; to the game event bus
[19апр.2026 19:22:47.276] [modloading-worker-0/DEBUG] [net.neoforged.fml.javafmlmod.AutomaticEventSubscriber/LOADING]: Scanning class net.neoforged.neoforge.common.DeferredSpawnEggItem$CommonHandler for @SubscribeEvent-annotated methods
[19апр.2026 19:22:47.278] [modloading-worker-0/DEBUG] [net.neoforged.fml.javafmlmod.AutomaticEventSubscriber/]: Subscribing @EventBusSubscriber class Lnet/neoforged/neoforge/common/DeferredSpawnEggItem$CommonHandler; to the mod event bus of mod neoforge
[19апр.2026 19:22:47.278] [modloading-worker-0/DEBUG] [net.neoforged.fml.javafmlmod.AutomaticEventSubscriber/LOADING]: Scanning class net.neoforged.neoforge.common.DeferredSpawnEggItem$ColorRegisterHandler for @SubscribeEvent-annotated methods
[19апр.2026 19:22:47.279] [modloading-worker-0/DEBUG] [net.neoforged.fml.javafmlmod.AutomaticEventSubscriber/]: Subscribing @EventBusSubscriber class Lnet/neoforged/neoforge/common/DeferredSpawnEggItem$ColorRegisterHandler; to the mod event bus of mod neoforge
[19апр.2026 19:22:47.279] [modloading-worker-0/DEBUG] [net.neoforged.fml.javafmlmod.AutomaticEventSubscriber/LOADING]: Scanning class net.neoforged.neoforge.client.ParticleBoundsDebugRenderer for @SubscribeEvent-annotated methods
[19апр.2026 19:22:47.283] [modloading-worker-0/DEBUG] [net.neoforged.fml.javafmlmod.AutomaticEventSubscriber/]: Subscribing @EventBusSubscriber class Lnet/neoforged/neoforge/client/ParticleBoundsDebugRenderer; to the game event bus
[19апр.2026 19:22:47.284] [modloading-worker-0/DEBUG] [net.neoforged.fml.javafmlmod.AutomaticEventSubscriber/LOADING]: Scanning class net.neoforged.neoforge.client.model.data.ModelDataManager for @SubscribeEvent-annotated methods
[19апр.2026 19:22:47.285] [modloading-worker-0/DEBUG] [net.neoforged.fml.javafmlmod.AutomaticEventSubscriber/]: Subscribing @EventBusSubscriber class Lnet/neoforged/neoforge/client/model/data/ModelDataManager; to the game event bus
[19апр.2026 19:22:47.287] [modloading-worker-0/DEBUG] [net.neoforged.fml.javafmlmod.AutomaticEventSubscriber/LOADING]: Scanning class net.neoforged.neoforge.client.ClientHooks$ClientEvents for @SubscribeEvent-annotated methods
[19апр.2026 19:22:47.291] [modloading-worker-0/DEBUG] [net.neoforged.fml.javafmlmod.AutomaticEventSubscriber/]: Subscribing @EventBusSubscriber class Lnet/neoforged/neoforge/client/ClientHooks$ClientEvents; to the mod event bus of mod neoforge
[19апр.2026 19:22:47.292] [modloading-worker-0/DEBUG] [net.neoforged.fml.javafmlmod.AutomaticEventSubscriber/LOADING]: Scanning class net.neoforged.neoforge.client.BlockEntityRenderBoundsDebugRenderer for @SubscribeEvent-annotated methods
[19апр.2026 19:22:47.296] [modloading-worker-0/DEBUG] [net.neoforged.fml.javafmlmod.AutomaticEventSubscriber/]: Subscribing @EventBusSubscriber class Lnet/neoforged/neoforge/client/BlockEntityRenderBoundsDebugRenderer; to the game event bus
[19апр.2026 19:22:47.297] [modloading-worker-0/DEBUG] [net.neoforged.fml.javafmlmod.AutomaticEventSubscriber/LOADING]: Scanning class net.neoforged.neoforge.attachment.AttachmentSync for @SubscribeEvent-annotated methods
[19апр.2026 19:22:47.303] [modloading-worker-0/DEBUG] [net.neoforged.fml.javafmlmod.AutomaticEventSubscriber/]: Subscribing @EventBusSubscriber class Lnet/neoforged/neoforge/attachment/AttachmentSync; to the game event bus
[19апр.2026 19:22:47.304] [modloading-worker-0/DEBUG] [net.neoforged.fml.javafmlmod.AutomaticEventSubscriber/LOADING]: Scanning class net.neoforged.neoforge.attachment.AttachmentInternals for @SubscribeEvent-annotated methods
[19апр.2026 19:22:47.304] [modloading-worker-0/DEBUG] [net.neoforged.fml.javafmlmod.AutomaticEventSubscriber/]: Subscribing @EventBusSubscriber class Lnet/neoforged/neoforge/attachment/AttachmentInternals; to the game event bus
[19апр.2026 19:22:47.307] [modloading-sync-worker/DEBUG] [net.neoforged.fml.DeferredWorkQueue/LOADING]: Dispatching synchronous work for work queue Mod Construction: 1 jobs
[19апр.2026 19:22:47.311] [modloading-sync-worker/DEBUG] [net.neoforged.fml.DeferredWorkQueue/LOADING]: Synchronous work queue completed in 1.351 ms
[19апр.2026 19:22:47.320] [modloading-sync-worker/DEBUG] [net.neoforged.neoforge.registries.GameData/REGISTRIES]: Unfreezing registries
[19апр.2026 19:22:47.611] [modloading-sync-worker/DEBUG] [net.neoforged.neoforge.registries.GameData/REGISTRIES]: Freezing registries
[19апр.2026 19:22:47.772] [modloading-sync-worker/DEBUG] [net.neoforged.neoforge.registries.GameData/REGISTRIES]: All registries frozen
[19апр.2026 19:22:47.773] [modloading-sync-worker/DEBUG] [net.neoforged.fml.config.ConfigTracker/CONFIG]: Loading configs type CLIENT
[19апр.2026 19:22:47.786] [modloading-sync-worker/DEBUG] [net.neoforged.fml.config.ConfigTracker/CONFIG]: Loaded TOML config file C:\Users\RootTool\Documents\GitHub\Clones\Sophisticated-Backpacks-Etched-Integration\runs\client\config\sophisticatedcore-client.toml
[19апр.2026 19:22:47.792] [modloading-sync-worker/DEBUG] [net.neoforged.fml.config.ConfigTracker/CONFIG]: Watching TOML config file C:\Users\RootTool\Documents\GitHub\Clones\Sophisticated-Backpacks-Etched-Integration\runs\client\config\sophisticatedcore-client.toml for changes
[19апр.2026 19:22:47.794] [modloading-sync-worker/DEBUG] [net.neoforged.neoforge.common.NeoForgeConfig/FORGEMOD]: Loaded NeoForge config file neoforge-client.toml
[19апр.2026 19:22:47.794] [modloading-sync-worker/DEBUG] [net.neoforged.fml.config.ConfigTracker/CONFIG]: Loaded TOML config file C:\Users\RootTool\Documents\GitHub\Clones\Sophisticated-Backpacks-Etched-Integration\runs\client\config\neoforge-client.toml
[19апр.2026 19:22:47.795] [modloading-sync-worker/DEBUG] [net.neoforged.fml.config.ConfigTracker/CONFIG]: Watching TOML config file C:\Users\RootTool\Documents\GitHub\Clones\Sophisticated-Backpacks-Etched-Integration\runs\client\config\neoforge-client.toml for changes
[19апр.2026 19:22:47.795] [modloading-sync-worker/DEBUG] [net.neoforged.fml.config.ConfigTracker/CONFIG]: Loaded TOML config file C:\Users\RootTool\Documents\GitHub\Clones\Sophisticated-Backpacks-Etched-Integration\runs\client\config\etched-client.toml
[19апр.2026 19:22:47.797] [modloading-sync-worker/DEBUG] [net.neoforged.fml.config.ConfigTracker/CONFIG]: Watching TOML config file C:\Users\RootTool\Documents\GitHub\Clones\Sophisticated-Backpacks-Etched-Integration\runs\client\config\etched-client.toml for changes
[19апр.2026 19:22:47.797] [modloading-sync-worker/DEBUG] [net.neoforged.fml.config.ConfigTracker/CONFIG]: Loading configs type COMMON
[19апр.2026 19:22:47.798] [modloading-sync-worker/DEBUG] [net.neoforged.fml.config.ConfigTracker/CONFIG]: Loaded TOML config file C:\Users\RootTool\Documents\GitHub\Clones\Sophisticated-Backpacks-Etched-Integration\runs\client\config\sophisticatedcore-common.toml
[19апр.2026 19:22:47.799] [modloading-sync-worker/DEBUG] [net.neoforged.fml.config.ConfigTracker/CONFIG]: Watching TOML config file C:\Users\RootTool\Documents\GitHub\Clones\Sophisticated-Backpacks-Etched-Integration\runs\client\config\sophisticatedcore-common.toml for changes
[19апр.2026 19:22:47.800] [modloading-sync-worker/DEBUG] [net.neoforged.neoforge.common.NeoForgeConfig/FORGEMOD]: Loaded NeoForge config file neoforge-common.toml
[19апр.2026 19:22:47.800] [modloading-sync-worker/DEBUG] [net.neoforged.fml.config.ConfigTracker/CONFIG]: Loaded TOML config file C:\Users\RootTool\Documents\GitHub\Clones\Sophisticated-Backpacks-Etched-Integration\runs\client\config\neoforge-common.toml
[19апр.2026 19:22:47.800] [modloading-sync-worker/DEBUG] [net.neoforged.fml.config.ConfigTracker/CONFIG]: Watching TOML config file C:\Users\RootTool\Documents\GitHub\Clones\Sophisticated-Backpacks-Etched-Integration\runs\client\config\neoforge-common.toml for changes
[19апр.2026 19:22:47.801] [modloading-sync-worker/DEBUG] [net.neoforged.fml.config.ConfigTracker/CONFIG]: Loaded TOML config file C:\Users\RootTool\Documents\GitHub\Clones\Sophisticated-Backpacks-Etched-Integration\runs\client\config\sophisticatedbackpacks-common.toml
[19апр.2026 19:22:47.802] [modloading-sync-worker/DEBUG] [net.neoforged.fml.config.ConfigTracker/CONFIG]: Watching TOML config file C:\Users\RootTool\Documents\GitHub\Clones\Sophisticated-Backpacks-Etched-Integration\runs\client\config\sophisticatedbackpacks-common.toml for changes
[19апр.2026 19:22:47.904] [Render thread/DEBUG] [mixin/]: Mixing client.sound.SoundEngineMixin from etched.mixins.json into net.minecraft.client.sounds.SoundEngine
[19апр.2026 19:22:47.919] [Render thread/DEBUG] [mixin/]: etched.mixins.json:client.sound.SoundEngineMixin from mod etched->@Inject::onSoundRemoved(Lorg/spongepowered/asm/mixin/injection/callback/CallbackInfo;Ljava/util/Iterator;Ljava/util/Map$Entry;Lnet/minecraft/client/sounds/ChannelAccess$ChannelHandle;Lnet/minecraft/client/resources/sounds/SoundInstance;)V doesn't use it's CallbackInfo
[19апр.2026 19:22:47.919] [Render thread/DEBUG] [mixin/]: etched.mixins.json:client.sound.SoundEngineMixin from mod etched->@Inject::onSoundRemoved(Lorg/spongepowered/asm/mixin/injection/callback/CallbackInfo;Ljava/util/Iterator;Ljava/util/Map$Entry;Lnet/minecraft/client/sounds/ChannelAccess$ChannelHandle;Lnet/minecraft/client/resources/sounds/SoundInstance;)V has 0 override(s) in child classes
[19апр.2026 19:22:47.919] [Render thread/DEBUG] [mixin/]: etched.mixins.json:client.sound.SoundEngineMixin from mod etched->@Inject::onSoundRemoved(Lorg/spongepowered/asm/mixin/injection/callback/CallbackInfo;Ljava/util/Iterator;Ljava/util/Map$Entry;Lnet/minecraft/client/sounds/ChannelAccess$ChannelHandle;Lnet/minecraft/client/resources/sounds/SoundInstance;)V won't be passed a CallbackInfo as a result
[19апр.2026 19:22:48.047] [Render thread/DEBUG] [mixin/]: Mixing client.render.LevelRendererAccessor from etched.mixins.json into net.minecraft.client.renderer.LevelRenderer
[19апр.2026 19:22:48.048] [Render thread/DEBUG] [mixin/]: Mixing client.render.LevelRendererMixin from etched.mixins.json into net.minecraft.client.renderer.LevelRenderer
[19апр.2026 19:22:48.048] [Render thread/DEBUG] [mixin/]: Renaming synthetic method lambda$modifySoundInstance$0()V to mdc4627f$etched$lambda$modifySoundInstance$0$0 in etched.mixins.json:client.render.LevelRendererMixin from mod etched
[19апр.2026 19:22:48.065] [Render thread/DEBUG] [mixin/]: etched.mixins.json:client.render.LevelRendererMixin from mod etched->@Inject::preNowPlaying(Lnet/minecraft/core/Holder;Lnet/minecraft/core/BlockPos;Lorg/spongepowered/asm/mixin/injection/callback/CallbackInfo;)V doesn't use it's CallbackInfo
[19апр.2026 19:22:48.066] [Render thread/DEBUG] [mixin/]: etched.mixins.json:client.render.LevelRendererMixin from mod etched->@Inject::preNowPlaying(Lnet/minecraft/core/Holder;Lnet/minecraft/core/BlockPos;Lorg/spongepowered/asm/mixin/injection/callback/CallbackInfo;)V has 0 override(s) in child classes
[19апр.2026 19:22:48.066] [Render thread/DEBUG] [mixin/]: etched.mixins.json:client.render.LevelRendererMixin from mod etched->@Inject::preNowPlaying(Lnet/minecraft/core/Holder;Lnet/minecraft/core/BlockPos;Lorg/spongepowered/asm/mixin/injection/callback/CallbackInfo;)V won't be passed a CallbackInfo as a result
[19апр.2026 19:22:48.066] [Render thread/DEBUG] [mixin/]: etched.mixins.json:client.render.LevelRendererMixin from mod etched->@Inject::postNowPlaying(Lnet/minecraft/core/Holder;Lnet/minecraft/core/BlockPos;Lorg/spongepowered/asm/mixin/injection/callback/CallbackInfo;)V doesn't use it's CallbackInfo
[19апр.2026 19:22:48.066] [Render thread/DEBUG] [mixin/]: etched.mixins.json:client.render.LevelRendererMixin from mod etched->@Inject::postNowPlaying(Lnet/minecraft/core/Holder;Lnet/minecraft/core/BlockPos;Lorg/spongepowered/asm/mixin/injection/callback/CallbackInfo;)V has 0 override(s) in child classes
[19апр.2026 19:22:48.066] [Render thread/DEBUG] [mixin/]: etched.mixins.json:client.render.LevelRendererMixin from mod etched->@Inject::postNowPlaying(Lnet/minecraft/core/Holder;Lnet/minecraft/core/BlockPos;Lorg/spongepowered/asm/mixin/injection/callback/CallbackInfo;)V won't be passed a CallbackInfo as a result
[19апр.2026 19:22:48.066] [Render thread/DEBUG] [mixin/]: etched.mixins.json:client.render.LevelRendererMixin from mod etched->@Inject::playRecord(Lnet/minecraft/core/Holder;Lnet/minecraft/core/BlockPos;Lorg/spongepowered/asm/mixin/injection/callback/CallbackInfo;)V doesn't use it's CallbackInfo
[19апр.2026 19:22:48.066] [Render thread/DEBUG] [mixin/]: etched.mixins.json:client.render.LevelRendererMixin from mod etched->@Inject::playRecord(Lnet/minecraft/core/Holder;Lnet/minecraft/core/BlockPos;Lorg/spongepowered/asm/mixin/injection/callback/CallbackInfo;)V has 0 override(s) in child classes
[19апр.2026 19:22:48.066] [Render thread/DEBUG] [mixin/]: etched.mixins.json:client.render.LevelRendererMixin from mod etched->@Inject::playRecord(Lnet/minecraft/core/Holder;Lnet/minecraft/core/BlockPos;Lorg/spongepowered/asm/mixin/injection/callback/CallbackInfo;)V won't be passed a CallbackInfo as a result
[19апр.2026 19:22:48.069] [Render thread/DEBUG] [mixin/]: etched.mixins.json:client.render.LevelRendererMixin from mod etched->@Inject::modifySoundInstance(Lnet/minecraft/core/Holder;Lnet/minecraft/core/BlockPos;Lorg/spongepowered/asm/mixin/injection/callback/CallbackInfo;)V doesn't use it's CallbackInfo
[19апр.2026 19:22:48.069] [Render thread/DEBUG] [mixin/]: etched.mixins.json:client.render.LevelRendererMixin from mod etched->@Inject::modifySoundInstance(Lnet/minecraft/core/Holder;Lnet/minecraft/core/BlockPos;Lorg/spongepowered/asm/mixin/injection/callback/CallbackInfo;)V has 0 override(s) in child classes
[19апр.2026 19:22:48.069] [Render thread/DEBUG] [mixin/]: etched.mixins.json:client.render.LevelRendererMixin from mod etched->@Inject::modifySoundInstance(Lnet/minecraft/core/Holder;Lnet/minecraft/core/BlockPos;Lorg/spongepowered/asm/mixin/injection/callback/CallbackInfo;)V won't be passed a CallbackInfo as a result
[19апр.2026 19:22:48.307] [Render thread/DEBUG] [mixin/]: Mixing client.gui.ForgeIngameGuiMixin from etched.mixins.json into net.minecraft.client.gui.Gui
[19апр.2026 19:22:48.308] [Render thread/DEBUG] [mixin/]: Mixing client.gui.GuiAccessor from etched.mixins.json into net.minecraft.client.gui.Gui
[19апр.2026 19:22:48.308] [Render thread/DEBUG] [mixin/]: Mixing client.gui.GuiMixin from etched.mixins.json into net.minecraft.client.gui.Gui
[19апр.2026 19:22:48.310] [Render thread/DEBUG] [mixin/]: etched.mixins.json:client.gui.GuiMixin from mod etched->@Inject::setNowPlaying(Lnet/minecraft/network/chat/Component;Lorg/spongepowered/asm/mixin/injection/callback/CallbackInfo;)V does use it's CallbackInfo
[19апр.2026 19:22:48.360] [Render thread/DEBUG] [mixin/]: Mixing client.render.HumanoidModelMixin from etched.mixins.json into net.minecraft.client.model.HumanoidModel
[19апр.2026 19:22:48.368] [Render thread/DEBUG] [mixin/]: etched.mixins.json:client.render.HumanoidModelMixin from mod etched->@Inject::poseRightArm(Lnet/minecraft/world/entity/LivingEntity;Lorg/spongepowered/asm/mixin/injection/callback/CallbackInfo;)V does use it's CallbackInfo
[19апр.2026 19:22:48.368] [Render thread/DEBUG] [mixin/]: etched.mixins.json:client.render.HumanoidModelMixin from mod etched->@Inject::poseLeftArm(Lnet/minecraft/world/entity/LivingEntity;Lorg/spongepowered/asm/mixin/injection/callback/CallbackInfo;)V does use it's CallbackInfo
[19апр.2026 19:22:48.368] [Render thread/DEBUG] [mixin/]: etched.mixins.json:client.render.HumanoidModelMixin from mod etched->@Inject::setupAttackAnimation(Lnet/minecraft/world/entity/LivingEntity;FLorg/spongepowered/asm/mixin/injection/callback/CallbackInfo;)V does use it's CallbackInfo
[19апр.2026 19:22:48.374] [Render thread/INFO] [net.neoforged.neoforge.gametest.GameTestHooks/]: Enabled Gametest Namespaces: [sophisticatedbackpacksetchedintegration]
[19апр.2026 19:22:48.609] [Render thread/DEBUG] [mixin/]: Mixing client.render.ParrotModelMixin from etched.mixins.json into net.minecraft.client.model.ParrotModel
[19апр.2026 19:22:48.617] [Render thread/DEBUG] [mixin/]: etched.mixins.json:client.render.ParrotModelMixin from mod etched->@Inject::setupDanceAnimation(Lnet/minecraft/world/entity/animal/Parrot;FFFFFLorg/spongepowered/asm/mixin/injection/callback/CallbackInfo;)V doesn't use it's CallbackInfo
[19апр.2026 19:22:48.618] [Render thread/DEBUG] [mixin/]: etched.mixins.json:client.render.ParrotModelMixin from mod etched->@Inject::setupDanceAnimation(Lnet/minecraft/world/entity/animal/Parrot;FFFFFLorg/spongepowered/asm/mixin/injection/callback/CallbackInfo;)V has 0 override(s) in child classes
[19апр.2026 19:22:48.618] [Render thread/DEBUG] [mixin/]: etched.mixins.json:client.render.ParrotModelMixin from mod etched->@Inject::setupDanceAnimation(Lnet/minecraft/world/entity/animal/Parrot;FFFFFLorg/spongepowered/asm/mixin/injection/callback/CallbackInfo;)V won't be passed a CallbackInfo as a result
[19апр.2026 19:22:48.884] [Render thread/INFO] [net.minecraft.server.packs.resources.ReloadableResourceManager/]: Reloading ResourceManager: vanilla, mod_resources, mod/sophisticatedbackpacksetchedintegration, mod/sophisticatedcore, mod/sophisticatedbackpacks, mod/etched, mod/neoforge
[19апр.2026 19:22:48.987] [Render thread/DEBUG] [net.neoforged.fml.DeferredWorkQueue/LOADING]: Dispatching synchronous work for work queue Common setup: 5 jobs
[19апр.2026 19:22:48.995] [Render thread/DEBUG] [net.neoforged.fml.DeferredWorkQueue/LOADING]: Synchronous work queue completed in 8.104 ms
[19апр.2026 19:22:49.005] [Worker-Main-3/INFO] [net.minecraft.client.gui.font.providers.UnihexProvider/]: Found unifont_all_no_pua-15.1.05.hex, loading
[19апр.2026 19:22:49.157] [Worker-Main-11/INFO] [net.minecraft.client.gui.font.providers.UnihexProvider/]: Found unifont_jp_patch-15.1.05.hex, loading
[19апр.2026 19:22:49.170] [Render thread/DEBUG] [net.neoforged.fml.DeferredWorkQueue/LOADING]: Dispatching synchronous work for work queue Sided setup: 1 jobs
[19апр.2026 19:22:49.202] [Render thread/DEBUG] [net.neoforged.fml.DeferredWorkQueue/LOADING]: Synchronous work queue completed in 31.37 ms
[19апр.2026 19:22:50.950] [Render thread/WARN] [net.minecraft.client.sounds.SoundEngine/]: Missing sound for event: minecraft:item.goat_horn.play
[19апр.2026 19:22:50.950] [Render thread/WARN] [net.minecraft.client.sounds.SoundEngine/]: Missing sound for event: minecraft:entity.goat.screaming.horn_break
[19апр.2026 19:22:50.992] [Render thread/INFO] [com.mojang.blaze3d.audio.Library/]: OpenAL initialized on device OpenAL Soft on Наушники гарнитуры (G435 Wireless Gaming Headset)
[19апр.2026 19:22:50.993] [Render thread/INFO] [net.minecraft.client.sounds.SoundEngine/SOUNDS]: Sound engine started
[19апр.2026 19:22:51.092] [Render thread/INFO] [net.minecraft.client.renderer.texture.TextureAtlas/]: Created: 1024x512x4 minecraft:textures/atlas/blocks.png-atlas
[19апр.2026 19:22:51.102] [Render thread/INFO] [net.minecraft.client.renderer.texture.TextureAtlas/]: Created: 256x256x4 minecraft:textures/atlas/signs.png-atlas
[19апр.2026 19:22:51.102] [Render thread/INFO] [net.minecraft.client.renderer.texture.TextureAtlas/]: Created: 512x512x4 minecraft:textures/atlas/shield_patterns.png-atlas
[19апр.2026 19:22:51.103] [Render thread/INFO] [net.minecraft.client.renderer.texture.TextureAtlas/]: Created: 512x512x4 minecraft:textures/atlas/banner_patterns.png-atlas
[19апр.2026 19:22:51.104] [Render thread/INFO] [net.minecraft.client.renderer.texture.TextureAtlas/]: Created: 1024x1024x4 minecraft:textures/atlas/armor_trims.png-atlas
[19апр.2026 19:22:51.109] [Render thread/INFO] [net.minecraft.client.renderer.texture.TextureAtlas/]: Created: 256x256x4 minecraft:textures/atlas/chest.png-atlas
[19апр.2026 19:22:51.109] [Render thread/INFO] [net.minecraft.client.renderer.texture.TextureAtlas/]: Created: 128x64x4 minecraft:textures/atlas/decorated_pot.png-atlas
[19апр.2026 19:22:51.110] [Render thread/INFO] [net.minecraft.client.renderer.texture.TextureAtlas/]: Created: 512x256x4 minecraft:textures/atlas/shulker_boxes.png-atlas
[19апр.2026 19:22:51.110] [Render thread/INFO] [net.minecraft.client.renderer.texture.TextureAtlas/]: Created: 512x256x4 minecraft:textures/atlas/beds.png-atlas
[19апр.2026 19:22:51.197] [Render thread/INFO] [net.minecraft.client.renderer.texture.TextureAtlas/]: Created: 512x256x0 minecraft:textures/atlas/particles.png-atlas
[19апр.2026 19:22:51.200] [Render thread/INFO] [net.minecraft.client.renderer.texture.TextureAtlas/]: Created: 512x256x0 minecraft:textures/atlas/paintings.png-atlas
[19апр.2026 19:22:51.201] [Render thread/INFO] [net.minecraft.client.renderer.texture.TextureAtlas/]: Created: 256x128x0 minecraft:textures/atlas/mob_effects.png-atlas
[19апр.2026 19:22:51.201] [Render thread/INFO] [net.minecraft.client.renderer.texture.TextureAtlas/]: Created: 64x64x0 minecraft:textures/atlas/map_decorations.png-atlas
[19апр.2026 19:22:51.202] [Render thread/INFO] [net.minecraft.client.renderer.texture.TextureAtlas/]: Created: 1024x512x0 minecraft:textures/atlas/gui.png-atlas
[19апр.2026 19:22:51.227] [Render thread/WARN] [net.minecraft.client.renderer.ShaderInstance/]: Shader rendertype_entity_translucent_emissive could not find sampler named Sampler2 in the specified shader program.
[19апр.2026 19:22:51.297] [Render thread/INFO] [net.neoforged.neoforge.client.entity.animation.json.AnimationLoader/]: Loaded 0 entity animations
[19апр.2026 19:22:55.100] [Sound engine/DEBUG] [mixin/]: Mixing client.sound.ChannelMixin from etched.mixins.json into com.mojang.blaze3d.audio.Channel
[19апр.2026 19:22:55.109] [Sound engine/DEBUG] [mixin/]: etched.mixins.json:client.sound.ChannelMixin from mod etched->@Inject::stop(Lorg/spongepowered/asm/mixin/injection/callback/CallbackInfo;)V doesn't use it's CallbackInfo
[19апр.2026 19:22:55.109] [Sound engine/DEBUG] [mixin/]: etched.mixins.json:client.sound.ChannelMixin from mod etched->@Inject::stop(Lorg/spongepowered/asm/mixin/injection/callback/CallbackInfo;)V has 0 override(s) in child classes
[19апр.2026 19:22:55.109] [Sound engine/DEBUG] [mixin/]: etched.mixins.json:client.sound.ChannelMixin from mod etched->@Inject::stop(Lorg/spongepowered/asm/mixin/injection/callback/CallbackInfo;)V won't be passed a CallbackInfo as a result
[19апр.2026 19:22:55.110] [Sound engine/DEBUG] [mixin/]: etched.mixins.json:client.sound.ChannelMixin from mod etched->@Inject::play(Lorg/spongepowered/asm/mixin/injection/callback/CallbackInfo;)V does use it's CallbackInfo
[19апр.2026 19:22:55.110] [Sound engine/DEBUG] [mixin/]: etched.mixins.json:client.sound.ChannelMixin from mod etched->@Inject::stopped(Lorg/spongepowered/asm/mixin/injection/callback/CallbackInfoReturnable;)V does use it's CallbackInfoReturnable
[19апр.2026 19:22:55.110] [Sound engine/DEBUG] [mixin/]: etched.mixins.json:client.sound.ChannelMixin from mod etched->@Inject::attachStaticBuffer(Lorg/spongepowered/asm/mixin/injection/callback/CallbackInfo;)V doesn't use it's CallbackInfo
[19апр.2026 19:22:55.110] [Sound engine/DEBUG] [mixin/]: etched.mixins.json:client.sound.ChannelMixin from mod etched->@Inject::attachStaticBuffer(Lorg/spongepowered/asm/mixin/injection/callback/CallbackInfo;)V has 0 override(s) in child classes
[19апр.2026 19:22:55.110] [Sound engine/DEBUG] [mixin/]: etched.mixins.json:client.sound.ChannelMixin from mod etched->@Inject::attachStaticBuffer(Lorg/spongepowered/asm/mixin/injection/callback/CallbackInfo;)V won't be passed a CallbackInfo as a result
[19апр.2026 19:22:55.110] [Sound engine/DEBUG] [mixin/]: etched.mixins.json:client.sound.ChannelMixin from mod etched->@Inject::attachBufferStream(Lorg/spongepowered/asm/mixin/injection/callback/CallbackInfo;)V doesn't use it's CallbackInfo
[19апр.2026 19:22:55.110] [Sound engine/DEBUG] [mixin/]: etched.mixins.json:client.sound.ChannelMixin from mod etched->@Inject::attachBufferStream(Lorg/spongepowered/asm/mixin/injection/callback/CallbackInfo;)V has 0 override(s) in child classes
[19апр.2026 19:22:55.110] [Sound engine/DEBUG] [mixin/]: etched.mixins.json:client.sound.ChannelMixin from mod etched->@Inject::attachBufferStream(Lorg/spongepowered/asm/mixin/injection/callback/CallbackInfo;)V won't be passed a CallbackInfo as a result
[19апр.2026 19:22:59.437] [Render thread/INFO] [net.minecraft.client.Minecraft/]: Stopping!
